2025-08-27 20:27:43,692 [INFO] [app.main] App started
2025-08-27 20:27:44,774 [INFO] [app.services.user] Root user already exists: email=deepak@keydraft.com
2025-08-27 20:28:17,014 [DEBUG] [app.routes.auth] Login attempt for email: deepak+fl3@keydraft.com
2025-08-27 20:28:17,014 [DEBUG] [app.services.user] Keycloak auth attempt for username=deepak+fl3@keydraft.com
2025-08-27 20:28:17,015 [DEBUG] [urllib3.connectionpool] Starting new HTTPS connection (1): auth.giggle.global:443
2025-08-27 20:28:17,309 [DEBUG] [urllib3.connectionpool] https://auth.giggle.global:443 "POST /realms/giggle/protocol/openid-connect/token HTTP/1.1" 200 1910
2025-08-27 20:28:17,310 [DEBUG] [urllib3.connectionpool] Starting new HTTPS connection (1): auth.giggle.global:443
2025-08-27 20:28:17,700 [DEBUG] [urllib3.connectionpool] https://auth.giggle.global:443 "POST /realms/giggle/protocol/openid-connect/token HTTP/1.1" 200 2236
2025-08-27 20:28:17,701 [INFO] [app.services.user] Login success for username=deepak+fl3@keydraft.com
2025-08-27 20:28:17,701 [INFO] [app.routes.auth] Login successful for email: deepak+fl3@keydraft.com
2025-08-27 20:28:36,461 [INFO] [app.main] App started
2025-08-27 20:28:37,565 [INFO] [app.services.user] Root user already exists: email=deepak@keydraft.com
2025-08-27 20:29:00,288 [INFO] [app.main] App started
2025-08-27 20:29:01,427 [INFO] [app.services.user] Root user already exists: email=deepak@keydraft.com
2025-08-27 20:29:13,583 [DEBUG] [app.routes.auth] Signup request received: {'username': 'deepaktest-cl-4', 'email': 'deepak+cl4@keydraft.com', 'phone_number': '1234567804', 'role': <RoleEnum.CLIENT: 'CL'>, 'first_name': 'deepak', 'last_name': 'cl2', 'status': 'ACTIVE', 'keycloak_id': None, 'user_id': None, 'passcode': 'deepak123'}
2025-08-27 20:29:13,683 [DEBUG] [app.services.user] Creating user in Keycloak: {'username': '83f1a101-87a3-4db7-9b12-865c2d568aef', 'email': 'deepak+cl4@keydraft.com'}
2025-08-27 20:29:13,685 [DEBUG] [urllib3.connectionpool] Starting new HTTPS connection (1): auth.giggle.global:443
2025-08-27 20:29:13,987 [DEBUG] [urllib3.connectionpool] https://auth.giggle.global:443 "POST /realms/giggle/protocol/openid-connect/token HTTP/1.1" 200 1910
2025-08-27 20:29:13,988 [DEBUG] [urllib3.connectionpool] Starting new HTTPS connection (1): auth.giggle.global:443
2025-08-27 20:29:14,310 [DEBUG] [urllib3.connectionpool] https://auth.giggle.global:443 "POST /admin/realms/giggle/users HTTP/1.1" 201 0
2025-08-27 20:29:14,345 [INFO] [ASMP] - MESSAGE: User 83f1a101-87a3-4db7-9b12-865c2d568aef created with Keycloak ID 4a2da312-e1b0-442b-9bb6-a2385960912d - PID: 931792 - FILE: /home/deepak/Desktop/Deepak/Projects/giggle_services/app/core/keycloak.py:create_user_in_keycloak 
2025-08-27 20:29:14,346 [DEBUG] [app.services.user] Persisting user to Mongo: user_id=83f1a101-87a3-4db7-9b12-865c2d568aef email=deepak+cl4@keydraft.com
2025-08-27 20:29:14,549 [INFO] [app.services.user] User created: user_id=83f1a101-87a3-4db7-9b12-865c2d568aef email=deepak+cl4@keydraft.com
2025-08-27 20:29:14,549 [INFO] [app.routes.auth] User created successfully: 83f1a101-87a3-4db7-9b12-865c2d568aef
2025-08-27 20:29:44,303 [DEBUG] [urllib3.connectionpool] Starting new HTTPS connection (1): auth.giggle.global:443
2025-08-27 20:29:44,626 [DEBUG] [urllib3.connectionpool] https://auth.giggle.global:443 "GET /realms/giggle HTTP/1.1" 200 600
2025-08-27 20:29:44,628 [DEBUG] [urllib3.util.retry] Converted retries value: 1 -> Retry(total=1, connect=None, read=None, redirect=None, status=None)
2025-08-27 20:29:44,628 [DEBUG] [urllib3.util.retry] Converted retries value: 1 -> Retry(total=1, connect=None, read=None, redirect=None, status=None)
2025-08-27 20:29:44,647 [DEBUG] [urllib3.util.retry] Converted retries value: 1 -> Retry(total=1, connect=None, read=None, redirect=None, status=None)
2025-08-27 20:29:44,648 [DEBUG] [urllib3.util.retry] Converted retries value: 1 -> Retry(total=1, connect=None, read=None, redirect=None, status=None)
2025-08-27 20:29:44,669 [DEBUG] [urllib3.connectionpool] Starting new HTTPS connection (1): auth.giggle.global:443
2025-08-27 20:29:45,109 [DEBUG] [urllib3.connectionpool] https://auth.giggle.global:443 "POST /realms/giggle/protocol/openid-connect/token HTTP/1.1" 200 2954
2025-08-27 20:29:45,110 [DEBUG] [urllib3.connectionpool] Starting new HTTPS connection (1): auth.giggle.global:443
2025-08-27 20:29:45,405 [DEBUG] [urllib3.connectionpool] https://auth.giggle.global:443 "GET /admin/realms/giggle/users/4a61d438-9d13-498e-b442-4148bc461bca?userProfileMetadata=False HTTP/1.1" 200 417
2025-08-27 20:29:45,508 [DEBUG] [app.routes.user] Fetching current user: user_id=488b907d-a6c1-4ce1-a830-710fbcd0ea51
2025-08-27 20:29:45,635 [INFO] [app.routes.user] Fetched current user: user_id=488b907d-a6c1-4ce1-a830-710fbcd0ea51
2025-08-27 20:29:52,567 [DEBUG] [urllib3.connectionpool] https://auth.giggle.global:443 "GET /realms/giggle HTTP/1.1" 200 600
2025-08-27 20:29:52,567 [DEBUG] [urllib3.util.retry] Converted retries value: 1 -> Retry(total=1, connect=None, read=None, redirect=None, status=None)
2025-08-27 20:29:52,568 [DEBUG] [urllib3.util.retry] Converted retries value: 1 -> Retry(total=1, connect=None, read=None, redirect=None, status=None)
2025-08-27 20:29:52,582 [DEBUG] [urllib3.util.retry] Converted retries value: 1 -> Retry(total=1, connect=None, read=None, redirect=None, status=None)
2025-08-27 20:29:52,583 [DEBUG] [urllib3.util.retry] Converted retries value: 1 -> Retry(total=1, connect=None, read=None, redirect=None, status=None)
2025-08-27 20:29:52,601 [DEBUG] [urllib3.connectionpool] Starting new HTTPS connection (1): auth.giggle.global:443
2025-08-27 20:29:53,474 [DEBUG] [urllib3.connectionpool] https://auth.giggle.global:443 "POST /realms/giggle/protocol/openid-connect/token HTTP/1.1" 200 2954
2025-08-27 20:29:53,474 [DEBUG] [urllib3.connectionpool] Starting new HTTPS connection (1): auth.giggle.global:443
2025-08-27 20:29:54,146 [DEBUG] [urllib3.connectionpool] https://auth.giggle.global:443 "GET /admin/realms/giggle/users/4a61d438-9d13-498e-b442-4148bc461bca?userProfileMetadata=False HTTP/1.1" 200 417
2025-08-27 20:29:54,247 [DEBUG] [app.routes.user] Freelancer list requested by user_id=488b907d-a6c1-4ce1-a830-710fbcd0ea51 role=FL
2025-08-27 20:29:54,248 [WARNING] [app.routes.user] Freelancer attempted to fetch freelancer list (forbidden).
2025-08-27 20:30:44,456 [DEBUG] [app.routes.auth] Login attempt for email: deepak@keydraft.com
2025-08-27 20:30:44,456 [DEBUG] [app.services.user] Keycloak auth attempt for username=deepak@keydraft.com
2025-08-27 20:30:44,457 [DEBUG] [urllib3.connectionpool] Starting new HTTPS connection (1): auth.giggle.global:443
2025-08-27 20:30:44,764 [DEBUG] [urllib3.connectionpool] https://auth.giggle.global:443 "POST /realms/giggle/protocol/openid-connect/token HTTP/1.1" 200 1910
2025-08-27 20:30:44,765 [DEBUG] [urllib3.connectionpool] Starting new HTTPS connection (1): auth.giggle.global:443
2025-08-27 20:30:45,113 [DEBUG] [urllib3.connectionpool] https://auth.giggle.global:443 "POST /realms/giggle/protocol/openid-connect/token HTTP/1.1" 200 2266
2025-08-27 20:30:45,114 [INFO] [app.services.user] Login success for username=deepak@keydraft.com
2025-08-27 20:30:45,114 [INFO] [app.routes.auth] Login successful for email: deepak@keydraft.com
2025-08-27 20:31:10,022 [DEBUG] [urllib3.connectionpool] Resetting dropped connection: auth.giggle.global
2025-08-27 20:31:10,470 [DEBUG] [urllib3.connectionpool] https://auth.giggle.global:443 "GET /realms/giggle HTTP/1.1" 200 600
2025-08-27 20:31:10,470 [DEBUG] [urllib3.util.retry] Converted retries value: 1 -> Retry(total=1, connect=None, read=None, redirect=None, status=None)
2025-08-27 20:31:10,470 [DEBUG] [urllib3.util.retry] Converted retries value: 1 -> Retry(total=1, connect=None, read=None, redirect=None, status=None)
2025-08-27 20:31:10,486 [DEBUG] [urllib3.util.retry] Converted retries value: 1 -> Retry(total=1, connect=None, read=None, redirect=None, status=None)
2025-08-27 20:31:10,487 [DEBUG] [urllib3.util.retry] Converted retries value: 1 -> Retry(total=1, connect=None, read=None, redirect=None, status=None)
2025-08-27 20:31:10,505 [DEBUG] [urllib3.connectionpool] Starting new HTTPS connection (1): auth.giggle.global:443
2025-08-27 20:31:10,793 [DEBUG] [urllib3.connectionpool] https://auth.giggle.global:443 "POST /realms/giggle/protocol/openid-connect/token HTTP/1.1" 200 2954
2025-08-27 20:31:10,794 [DEBUG] [urllib3.connectionpool] Starting new HTTPS connection (1): auth.giggle.global:443
2025-08-27 20:31:11,107 [DEBUG] [urllib3.connectionpool] https://auth.giggle.global:443 "GET /admin/realms/giggle/users/88003e87-ab23-4de5-bbd4-6ff8f6fed669?userProfileMetadata=False HTTP/1.1" 200 426
2025-08-27 20:31:11,214 [DEBUG] [app.routes.user] Freelancer list requested by user_id=d186809c-29cd-47da-9e2a-81ffbcbf4a8f role=SA
2025-08-27 20:31:11,308 [INFO] [app.routes.user] Freelancer list fetched: count=10
2025-08-27 20:31:34,052 [DEBUG] [urllib3.connectionpool] https://auth.giggle.global:443 "GET /realms/giggle HTTP/1.1" 200 600
2025-08-27 20:31:34,053 [DEBUG] [urllib3.util.retry] Converted retries value: 1 -> Retry(total=1, connect=None, read=None, redirect=None, status=None)
2025-08-27 20:31:34,053 [DEBUG] [urllib3.util.retry] Converted retries value: 1 -> Retry(total=1, connect=None, read=None, redirect=None, status=None)
2025-08-27 20:31:34,067 [DEBUG] [urllib3.util.retry] Converted retries value: 1 -> Retry(total=1, connect=None, read=None, redirect=None, status=None)
2025-08-27 20:31:34,067 [DEBUG] [urllib3.util.retry] Converted retries value: 1 -> Retry(total=1, connect=None, read=None, redirect=None, status=None)
2025-08-27 20:31:34,084 [DEBUG] [urllib3.connectionpool] Starting new HTTPS connection (1): auth.giggle.global:443
2025-08-27 20:31:34,369 [DEBUG] [urllib3.connectionpool] https://auth.giggle.global:443 "POST /realms/giggle/protocol/openid-connect/token HTTP/1.1" 200 2954
2025-08-27 20:31:34,371 [DEBUG] [urllib3.connectionpool] Starting new HTTPS connection (1): auth.giggle.global:443
2025-08-27 20:31:34,646 [DEBUG] [urllib3.connectionpool] https://auth.giggle.global:443 "GET /admin/realms/giggle/users/88003e87-ab23-4de5-bbd4-6ff8f6fed669?userProfileMetadata=False HTTP/1.1" 200 426
2025-08-27 20:31:34,737 [DEBUG] [app.routes.user] Profile fetch requested by user_id=d186809c-29cd-47da-9e2a-81ffbcbf4a8f for target=025c441c-499a-4ba7-9ed0-03fdd833b727
2025-08-27 20:31:34,831 [INFO] [app.routes.user] Profile fetched for user_id=025c441c-499a-4ba7-9ed0-03fdd833b727
2025-08-29 18:50:40,618 [INFO] [app.main] App started
2025-08-29 18:50:41,713 [INFO] [app.services.user] Root user already exists: email=deepak@keydraft.com
2025-08-29 18:50:46,157 [DEBUG] [app.routes.auth] Login attempt for email: deepak@keydraft.com
2025-08-29 18:50:46,157 [DEBUG] [app.services.user] Keycloak auth attempt for username=deepak@keydraft.com
2025-08-29 18:50:46,159 [DEBUG] [urllib3.connectionpool] Starting new HTTPS connection (1): auth.giggle.global:443
2025-08-29 18:50:46,748 [DEBUG] [urllib3.connectionpool] https://auth.giggle.global:443 "POST /realms/giggle/protocol/openid-connect/token HTTP/1.1" 200 1907
2025-08-29 18:50:46,750 [DEBUG] [urllib3.connectionpool] Starting new HTTPS connection (1): auth.giggle.global:443
2025-08-29 18:50:47,114 [DEBUG] [urllib3.connectionpool] https://auth.giggle.global:443 "POST /realms/giggle/protocol/openid-connect/token HTTP/1.1" 200 2266
2025-08-29 18:50:47,116 [INFO] [app.services.user] Login success for username=deepak@keydraft.com
2025-08-29 18:50:47,116 [INFO] [app.routes.auth] Login successful for email: deepak@keydraft.com
2025-08-29 18:50:47,118 [DEBUG] [urllib3.connectionpool] Starting new HTTPS connection (1): auth.giggle.global:443
2025-08-29 18:50:47,385 [DEBUG] [urllib3.connectionpool] https://auth.giggle.global:443 "GET /realms/giggle HTTP/1.1" 200 600
2025-08-29 18:50:47,396 [DEBUG] [urllib3.util.retry] Converted retries value: 1 -> Retry(total=1, connect=None, read=None, redirect=None, status=None)
2025-08-29 18:50:47,396 [DEBUG] [urllib3.util.retry] Converted retries value: 1 -> Retry(total=1, connect=None, read=None, redirect=None, status=None)
2025-08-29 18:50:47,448 [DEBUG] [urllib3.util.retry] Converted retries value: 1 -> Retry(total=1, connect=None, read=None, redirect=None, status=None)
2025-08-29 18:50:47,449 [DEBUG] [urllib3.util.retry] Converted retries value: 1 -> Retry(total=1, connect=None, read=None, redirect=None, status=None)
2025-08-29 18:50:47,502 [DEBUG] [urllib3.connectionpool] Starting new HTTPS connection (1): auth.giggle.global:443
2025-08-29 18:50:47,743 [DEBUG] [urllib3.connectionpool] https://auth.giggle.global:443 "POST /realms/giggle/protocol/openid-connect/token HTTP/1.1" 200 2949
2025-08-29 18:50:47,745 [DEBUG] [urllib3.connectionpool] Starting new HTTPS connection (1): auth.giggle.global:443
2025-08-29 18:50:47,989 [DEBUG] [urllib3.connectionpool] https://auth.giggle.global:443 "GET /admin/realms/giggle/users/88003e87-ab23-4de5-bbd4-6ff8f6fed669?userProfileMetadata=False HTTP/1.1" 200 426
2025-08-29 18:50:48,066 [DEBUG] [app.routes.auth] User details fetched: {'username': 'd186809c-29cd-47da-9e2a-81ffbcbf4a8f', 'email': 'deepak@keydraft.com', 'phone_number': '9999999999', 'role': 'SA', 'first_name': 'Super Admin', 'last_name': 'Super Admin', 'status': 'ACTIVE', 'keycloak_id': '88003e87-ab23-4de5-bbd4-6ff8f6fed669', 'user_id': 'd186809c-29cd-47da-9e2a-81ffbcbf4a8f'}
2025-08-29 18:54:29,228 [INFO] [app.main] App started
2025-08-29 18:54:30,305 [INFO] [app.services.user] Root user already exists: email=deepak@keydraft.com
2025-08-29 18:54:31,663 [DEBUG] [app.routes.auth] Login attempt for email: deepak@keydraft.com
2025-08-29 18:54:31,663 [DEBUG] [app.services.user] Keycloak auth attempt for username=deepak@keydraft.com
2025-08-29 18:54:31,664 [DEBUG] [urllib3.connectionpool] Starting new HTTPS connection (1): auth.giggle.global:443
2025-08-29 18:54:46,946 [DEBUG] [urllib3.connectionpool] https://auth.giggle.global:443 "POST /realms/giggle/protocol/openid-connect/token HTTP/1.1" 200 1907
2025-08-29 18:54:46,949 [DEBUG] [urllib3.connectionpool] Starting new HTTPS connection (1): auth.giggle.global:443
2025-08-29 18:54:47,490 [DEBUG] [urllib3.connectionpool] https://auth.giggle.global:443 "POST /realms/giggle/protocol/openid-connect/token HTTP/1.1" 200 2266
2025-08-29 18:54:47,492 [INFO] [app.services.user] Login success for username=deepak@keydraft.com
2025-08-29 18:54:47,492 [INFO] [app.routes.auth] Login successful for email: deepak@keydraft.com
2025-08-29 18:54:47,494 [DEBUG] [urllib3.connectionpool] Starting new HTTPS connection (1): auth.giggle.global:443
2025-08-29 18:54:47,793 [DEBUG] [urllib3.connectionpool] https://auth.giggle.global:443 "GET /realms/giggle HTTP/1.1" 200 600
2025-08-29 18:54:47,796 [DEBUG] [urllib3.util.retry] Converted retries value: 1 -> Retry(total=1, connect=None, read=None, redirect=None, status=None)
2025-08-29 18:54:47,796 [DEBUG] [urllib3.util.retry] Converted retries value: 1 -> Retry(total=1, connect=None, read=None, redirect=None, status=None)
2025-08-29 18:54:47,839 [DEBUG] [urllib3.util.retry] Converted retries value: 1 -> Retry(total=1, connect=None, read=None, redirect=None, status=None)
2025-08-29 18:54:47,839 [DEBUG] [urllib3.util.retry] Converted retries value: 1 -> Retry(total=1, connect=None, read=None, redirect=None, status=None)
2025-08-29 18:54:47,894 [DEBUG] [urllib3.connectionpool] Starting new HTTPS connection (1): auth.giggle.global:443
2025-08-29 18:54:48,156 [DEBUG] [urllib3.connectionpool] https://auth.giggle.global:443 "POST /realms/giggle/protocol/openid-connect/token HTTP/1.1" 200 2949
2025-08-29 18:54:48,158 [DEBUG] [urllib3.connectionpool] Starting new HTTPS connection (1): auth.giggle.global:443
2025-08-29 18:54:48,631 [DEBUG] [urllib3.connectionpool] https://auth.giggle.global:443 "GET /admin/realms/giggle/users/88003e87-ab23-4de5-bbd4-6ff8f6fed669?userProfileMetadata=False HTTP/1.1" 200 426
2025-08-29 18:54:48,708 [DEBUG] [app.routes.auth] User details fetched: {'username': 'd186809c-29cd-47da-9e2a-81ffbcbf4a8f', 'email': 'deepak@keydraft.com', 'phone_number': '9999999999', 'role': 'SA', 'first_name': 'Super Admin', 'last_name': 'Super Admin', 'status': 'ACTIVE', 'keycloak_id': '88003e87-ab23-4de5-bbd4-6ff8f6fed669', 'user_id': 'd186809c-29cd-47da-9e2a-81ffbcbf4a8f'}
2025-08-30 10:10:37,561 [INFO] [app.main] App started
2025-08-30 10:10:38,705 [INFO] [app.services.user] Root user already exists: email=deepak@keydraft.com
2025-08-30 10:10:41,544 [INFO] [app.main] App started
2025-08-30 10:10:42,757 [INFO] [app.services.user] Root user already exists: email=deepak@keydraft.com
2025-08-30 10:10:45,400 [INFO] [app.main] App started
2025-08-30 10:10:46,532 [INFO] [app.services.user] Root user already exists: email=deepak@keydraft.com
2025-08-30 10:11:04,737 [INFO] [app.main] App started
2025-08-30 10:11:05,882 [INFO] [app.services.user] Root user already exists: email=deepak@keydraft.com
2025-08-30 10:11:09,123 [INFO] [app.main] App started
2025-08-30 10:11:10,241 [INFO] [app.services.user] Root user already exists: email=deepak@keydraft.com
2025-08-30 10:11:38,797 [INFO] [app.main] App started
2025-08-30 10:11:39,959 [INFO] [app.services.user] Root user already exists: email=deepak@keydraft.com
2025-08-30 10:11:42,248 [INFO] [app.main] App started
2025-08-30 10:11:43,463 [INFO] [app.services.user] Root user already exists: email=deepak@keydraft.com
2025-08-30 10:12:01,866 [INFO] [app.main] App started
2025-08-30 10:12:02,986 [INFO] [app.services.user] Root user already exists: email=deepak@keydraft.com
2025-08-30 10:12:05,078 [INFO] [app.main] App started
2025-08-30 10:12:06,231 [INFO] [app.services.user] Root user already exists: email=deepak@keydraft.com
2025-08-30 12:21:58,495 [INFO] [app.main] App started
2025-08-30 12:21:59,580 [INFO] [app.services.user] Root user already exists: email=deepak@keydraft.com
2025-08-30 12:22:18,124 [INFO] [app.main] App started
2025-08-30 12:22:19,198 [INFO] [app.services.user] Root user already exists: email=deepak@keydraft.com
2025-08-30 12:33:48,676 [INFO] [app.main] App started
2025-08-30 12:33:49,773 [INFO] [app.services.user] Root user already exists: email=deepak@keydraft.com
2025-08-30 12:51:23,966 [DEBUG] [app.routes.auth] Login attempt for email: deepak@keydraft.com
2025-08-30 12:51:23,966 [DEBUG] [app.services.user] Keycloak auth attempt for username=deepak@keydraft.com
2025-08-30 12:51:23,968 [DEBUG] [urllib3.connectionpool] Starting new HTTPS connection (1): auth.giggle.global:443
2025-08-30 12:51:26,025 [DEBUG] [urllib3.connectionpool] https://auth.giggle.global:443 "POST /realms/giggle/protocol/openid-connect/token HTTP/1.1" 200 1907
2025-08-30 12:51:26,027 [DEBUG] [urllib3.connectionpool] Starting new HTTPS connection (1): auth.giggle.global:443
2025-08-30 12:51:26,399 [DEBUG] [urllib3.connectionpool] https://auth.giggle.global:443 "POST /realms/giggle/protocol/openid-connect/token HTTP/1.1" 200 2266
2025-08-30 12:51:26,400 [INFO] [app.services.user] Login success for username=deepak@keydraft.com
2025-08-30 12:51:26,401 [INFO] [app.routes.auth] Login successful for email: deepak@keydraft.com
2025-08-30 12:51:26,402 [DEBUG] [urllib3.connectionpool] Starting new HTTPS connection (1): auth.giggle.global:443
2025-08-30 12:51:26,630 [DEBUG] [urllib3.connectionpool] https://auth.giggle.global:443 "GET /realms/giggle HTTP/1.1" 200 600
2025-08-30 12:51:26,634 [DEBUG] [urllib3.util.retry] Converted retries value: 1 -> Retry(total=1, connect=None, read=None, redirect=None, status=None)
2025-08-30 12:51:26,634 [DEBUG] [urllib3.util.retry] Converted retries value: 1 -> Retry(total=1, connect=None, read=None, redirect=None, status=None)
2025-08-30 12:51:26,680 [DEBUG] [urllib3.util.retry] Converted retries value: 1 -> Retry(total=1, connect=None, read=None, redirect=None, status=None)
2025-08-30 12:51:26,681 [DEBUG] [urllib3.util.retry] Converted retries value: 1 -> Retry(total=1, connect=None, read=None, redirect=None, status=None)
2025-08-30 12:51:26,723 [DEBUG] [urllib3.connectionpool] Starting new HTTPS connection (1): auth.giggle.global:443
2025-08-30 12:51:26,950 [DEBUG] [urllib3.connectionpool] https://auth.giggle.global:443 "POST /realms/giggle/protocol/openid-connect/token HTTP/1.1" 200 2949
2025-08-30 12:51:26,952 [DEBUG] [urllib3.connectionpool] Starting new HTTPS connection (1): auth.giggle.global:443
2025-08-30 12:51:27,210 [DEBUG] [urllib3.connectionpool] https://auth.giggle.global:443 "GET /admin/realms/giggle/users/88003e87-ab23-4de5-bbd4-6ff8f6fed669?userProfileMetadata=False HTTP/1.1" 200 426
2025-08-30 12:51:27,552 [DEBUG] [app.routes.auth] User details fetched: {'username': 'd186809c-29cd-47da-9e2a-81ffbcbf4a8f', 'email': 'deepak@keydraft.com', 'phone_number': '9999999999', 'role': 'SA', 'first_name': 'Super Admin', 'last_name': 'Super Admin', 'status': 'ACTIVE', 'keycloak_id': '88003e87-ab23-4de5-bbd4-6ff8f6fed669', 'user_id': 'd186809c-29cd-47da-9e2a-81ffbcbf4a8f'}
2025-08-30 12:51:53,992 [DEBUG] [urllib3.connectionpool] https://auth.giggle.global:443 "GET /realms/giggle HTTP/1.1" 200 600
2025-08-30 12:51:53,993 [DEBUG] [urllib3.util.retry] Converted retries value: 1 -> Retry(total=1, connect=None, read=None, redirect=None, status=None)
2025-08-30 12:51:53,993 [DEBUG] [urllib3.util.retry] Converted retries value: 1 -> Retry(total=1, connect=None, read=None, redirect=None, status=None)
2025-08-30 12:51:54,038 [DEBUG] [urllib3.util.retry] Converted retries value: 1 -> Retry(total=1, connect=None, read=None, redirect=None, status=None)
2025-08-30 12:51:54,039 [DEBUG] [urllib3.util.retry] Converted retries value: 1 -> Retry(total=1, connect=None, read=None, redirect=None, status=None)
2025-08-30 12:51:54,083 [DEBUG] [urllib3.connectionpool] Starting new HTTPS connection (1): auth.giggle.global:443
2025-08-30 12:51:54,320 [DEBUG] [urllib3.connectionpool] https://auth.giggle.global:443 "POST /realms/giggle/protocol/openid-connect/token HTTP/1.1" 200 2949
2025-08-30 12:51:54,322 [DEBUG] [urllib3.connectionpool] Starting new HTTPS connection (1): auth.giggle.global:443
2025-08-30 12:51:54,583 [DEBUG] [urllib3.connectionpool] https://auth.giggle.global:443 "GET /admin/realms/giggle/users/88003e87-ab23-4de5-bbd4-6ff8f6fed669?userProfileMetadata=False HTTP/1.1" 200 426
2025-08-30 12:51:54,664 [DEBUG] [app.routes.user] Fetching current user: user_id=d186809c-29cd-47da-9e2a-81ffbcbf4a8f
2025-08-30 12:51:54,739 [INFO] [app.routes.user] Fetched current user: user_id=d186809c-29cd-47da-9e2a-81ffbcbf4a8f
2025-08-30 12:52:48,811 [INFO] [app.main] App started
2025-08-30 12:52:49,917 [INFO] [app.services.user] Root user already exists: email=deepak@keydraft.com
2025-08-30 12:53:08,123 [DEBUG] [urllib3.connectionpool] Starting new HTTPS connection (1): auth.giggle.global:443
2025-08-30 12:53:08,459 [DEBUG] [urllib3.connectionpool] https://auth.giggle.global:443 "GET /realms/giggle HTTP/1.1" 200 600
2025-08-30 12:53:08,464 [DEBUG] [urllib3.util.retry] Converted retries value: 1 -> Retry(total=1, connect=None, read=None, redirect=None, status=None)
2025-08-30 12:53:08,464 [DEBUG] [urllib3.util.retry] Converted retries value: 1 -> Retry(total=1, connect=None, read=None, redirect=None, status=None)
2025-08-30 12:53:08,508 [DEBUG] [urllib3.util.retry] Converted retries value: 1 -> Retry(total=1, connect=None, read=None, redirect=None, status=None)
2025-08-30 12:53:08,508 [DEBUG] [urllib3.util.retry] Converted retries value: 1 -> Retry(total=1, connect=None, read=None, redirect=None, status=None)
2025-08-30 12:53:08,557 [DEBUG] [urllib3.connectionpool] Starting new HTTPS connection (1): auth.giggle.global:443
2025-08-30 12:53:09,066 [DEBUG] [urllib3.connectionpool] https://auth.giggle.global:443 "POST /realms/giggle/protocol/openid-connect/token HTTP/1.1" 200 2949
2025-08-30 12:53:09,068 [DEBUG] [urllib3.connectionpool] Starting new HTTPS connection (1): auth.giggle.global:443
2025-08-30 12:53:09,486 [DEBUG] [urllib3.connectionpool] https://auth.giggle.global:443 "GET /admin/realms/giggle/users/88003e87-ab23-4de5-bbd4-6ff8f6fed669?userProfileMetadata=False HTTP/1.1" 200 426
2025-08-30 12:54:42,915 [DEBUG] [urllib3.connectionpool] Resetting dropped connection: auth.giggle.global
2025-08-30 12:54:43,162 [DEBUG] [urllib3.connectionpool] https://auth.giggle.global:443 "GET /realms/giggle HTTP/1.1" 200 600
2025-08-30 12:54:43,164 [DEBUG] [urllib3.util.retry] Converted retries value: 1 -> Retry(total=1, connect=None, read=None, redirect=None, status=None)
2025-08-30 12:54:43,164 [DEBUG] [urllib3.util.retry] Converted retries value: 1 -> Retry(total=1, connect=None, read=None, redirect=None, status=None)
2025-08-30 12:54:43,209 [DEBUG] [urllib3.util.retry] Converted retries value: 1 -> Retry(total=1, connect=None, read=None, redirect=None, status=None)
2025-08-30 12:54:43,209 [DEBUG] [urllib3.util.retry] Converted retries value: 1 -> Retry(total=1, connect=None, read=None, redirect=None, status=None)
2025-08-30 12:54:43,263 [DEBUG] [urllib3.connectionpool] Starting new HTTPS connection (1): auth.giggle.global:443
2025-08-30 12:54:43,522 [DEBUG] [urllib3.connectionpool] https://auth.giggle.global:443 "POST /realms/giggle/protocol/openid-connect/token HTTP/1.1" 200 2949
2025-08-30 12:54:43,524 [DEBUG] [urllib3.connectionpool] Starting new HTTPS connection (1): auth.giggle.global:443
2025-08-30 12:54:43,777 [DEBUG] [urllib3.connectionpool] https://auth.giggle.global:443 "GET /admin/realms/giggle/users/88003e87-ab23-4de5-bbd4-6ff8f6fed669?userProfileMetadata=False HTTP/1.1" 200 426
2025-08-30 12:56:01,748 [DEBUG] [urllib3.connectionpool] Resetting dropped connection: auth.giggle.global
2025-08-30 12:56:01,990 [DEBUG] [urllib3.connectionpool] https://auth.giggle.global:443 "GET /realms/giggle HTTP/1.1" 200 600
2025-08-30 12:56:01,992 [DEBUG] [urllib3.util.retry] Converted retries value: 1 -> Retry(total=1, connect=None, read=None, redirect=None, status=None)
2025-08-30 12:56:01,993 [DEBUG] [urllib3.util.retry] Converted retries value: 1 -> Retry(total=1, connect=None, read=None, redirect=None, status=None)
2025-08-30 12:56:02,056 [DEBUG] [urllib3.util.retry] Converted retries value: 1 -> Retry(total=1, connect=None, read=None, redirect=None, status=None)
2025-08-30 12:56:02,057 [DEBUG] [urllib3.util.retry] Converted retries value: 1 -> Retry(total=1, connect=None, read=None, redirect=None, status=None)
2025-08-30 12:56:02,102 [DEBUG] [urllib3.connectionpool] Starting new HTTPS connection (1): auth.giggle.global:443
2025-08-30 12:56:02,435 [DEBUG] [urllib3.connectionpool] https://auth.giggle.global:443 "POST /realms/giggle/protocol/openid-connect/token HTTP/1.1" 200 2949
2025-08-30 12:56:02,438 [DEBUG] [urllib3.connectionpool] Starting new HTTPS connection (1): auth.giggle.global:443
2025-08-30 12:56:02,694 [DEBUG] [urllib3.connectionpool] https://auth.giggle.global:443 "GET /admin/realms/giggle/users/88003e87-ab23-4de5-bbd4-6ff8f6fed669?userProfileMetadata=False HTTP/1.1" 200 426
2025-08-30 13:03:11,528 [INFO] [app.main] App started
2025-08-30 13:03:12,630 [INFO] [app.services.user] Root user already exists: email=deepak@keydraft.com
2025-08-30 13:04:06,231 [INFO] [app.main] App started
2025-08-30 13:04:07,348 [INFO] [app.services.user] Root user already exists: email=deepak@keydraft.com
2025-08-30 13:04:25,423 [INFO] [app.main] App started
2025-08-30 13:04:26,504 [INFO] [app.services.user] Root user already exists: email=deepak@keydraft.com
2025-08-30 13:05:04,163 [DEBUG] [app.routes.auth] Login attempt for email: deepak@keydraft.com
2025-08-30 13:05:04,163 [DEBUG] [app.services.user] Keycloak auth attempt for username=deepak@keydraft.com
2025-08-30 13:05:04,165 [DEBUG] [urllib3.connectionpool] Starting new HTTPS connection (1): auth.giggle.global:443
2025-08-30 13:05:09,871 [DEBUG] [urllib3.connectionpool] https://auth.giggle.global:443 "POST /realms/giggle/protocol/openid-connect/token HTTP/1.1" 200 1907
2025-08-30 13:05:09,873 [DEBUG] [urllib3.connectionpool] Starting new HTTPS connection (1): auth.giggle.global:443
2025-08-30 13:05:10,225 [DEBUG] [urllib3.connectionpool] https://auth.giggle.global:443 "POST /realms/giggle/protocol/openid-connect/token HTTP/1.1" 200 2266
2025-08-30 13:05:10,226 [INFO] [app.services.user] Login success for username=deepak@keydraft.com
2025-08-30 13:05:10,226 [INFO] [app.routes.auth] Login successful for email: deepak@keydraft.com
2025-08-30 13:05:10,228 [DEBUG] [urllib3.connectionpool] Starting new HTTPS connection (1): auth.giggle.global:443
2025-08-30 13:05:10,457 [DEBUG] [urllib3.connectionpool] https://auth.giggle.global:443 "GET /realms/giggle HTTP/1.1" 200 600
2025-08-30 13:05:10,461 [DEBUG] [urllib3.util.retry] Converted retries value: 1 -> Retry(total=1, connect=None, read=None, redirect=None, status=None)
2025-08-30 13:05:10,461 [DEBUG] [urllib3.util.retry] Converted retries value: 1 -> Retry(total=1, connect=None, read=None, redirect=None, status=None)
2025-08-30 13:05:10,513 [DEBUG] [urllib3.util.retry] Converted retries value: 1 -> Retry(total=1, connect=None, read=None, redirect=None, status=None)
2025-08-30 13:05:10,513 [DEBUG] [urllib3.util.retry] Converted retries value: 1 -> Retry(total=1, connect=None, read=None, redirect=None, status=None)
2025-08-30 13:05:10,562 [DEBUG] [urllib3.connectionpool] Starting new HTTPS connection (1): auth.giggle.global:443
2025-08-30 13:05:10,792 [DEBUG] [urllib3.connectionpool] https://auth.giggle.global:443 "POST /realms/giggle/protocol/openid-connect/token HTTP/1.1" 200 2949
2025-08-30 13:05:10,794 [DEBUG] [urllib3.connectionpool] Starting new HTTPS connection (1): auth.giggle.global:443
2025-08-30 13:05:10,989 [DEBUG] [urllib3.connectionpool] https://auth.giggle.global:443 "GET /admin/realms/giggle/users/88003e87-ab23-4de5-bbd4-6ff8f6fed669?userProfileMetadata=False HTTP/1.1" 200 426
2025-08-30 13:05:11,071 [DEBUG] [app.routes.auth] User details fetched: {'username': 'd186809c-29cd-47da-9e2a-81ffbcbf4a8f', 'email': 'deepak@keydraft.com', 'phone_number': '9999999999', 'role': 'SA', 'first_name': 'Super Admin', 'last_name': 'Super Admin', 'status': 'ACTIVE', 'keycloak_id': '88003e87-ab23-4de5-bbd4-6ff8f6fed669', 'user_id': 'd186809c-29cd-47da-9e2a-81ffbcbf4a8f'}
2025-08-30 13:05:40,454 [DEBUG] [urllib3.connectionpool] https://auth.giggle.global:443 "GET /realms/giggle HTTP/1.1" 200 600
2025-08-30 13:05:40,455 [DEBUG] [urllib3.util.retry] Converted retries value: 1 -> Retry(total=1, connect=None, read=None, redirect=None, status=None)
2025-08-30 13:05:40,455 [DEBUG] [urllib3.util.retry] Converted retries value: 1 -> Retry(total=1, connect=None, read=None, redirect=None, status=None)
2025-08-30 13:05:40,497 [DEBUG] [urllib3.util.retry] Converted retries value: 1 -> Retry(total=1, connect=None, read=None, redirect=None, status=None)
2025-08-30 13:05:40,498 [DEBUG] [urllib3.util.retry] Converted retries value: 1 -> Retry(total=1, connect=None, read=None, redirect=None, status=None)
2025-08-30 13:05:40,542 [DEBUG] [urllib3.connectionpool] Starting new HTTPS connection (1): auth.giggle.global:443
2025-08-30 13:05:40,955 [DEBUG] [urllib3.connectionpool] https://auth.giggle.global:443 "POST /realms/giggle/protocol/openid-connect/token HTTP/1.1" 200 2949
2025-08-30 13:05:40,957 [DEBUG] [urllib3.connectionpool] Starting new HTTPS connection (1): auth.giggle.global:443
2025-08-30 13:05:41,191 [DEBUG] [urllib3.connectionpool] https://auth.giggle.global:443 "GET /admin/realms/giggle/users/88003e87-ab23-4de5-bbd4-6ff8f6fed669?userProfileMetadata=False HTTP/1.1" 200 426
2025-08-30 13:05:49,964 [DEBUG] [urllib3.connectionpool] https://auth.giggle.global:443 "GET /realms/giggle HTTP/1.1" 200 600
2025-08-30 13:05:49,966 [DEBUG] [urllib3.util.retry] Converted retries value: 1 -> Retry(total=1, connect=None, read=None, redirect=None, status=None)
2025-08-30 13:05:49,966 [DEBUG] [urllib3.util.retry] Converted retries value: 1 -> Retry(total=1, connect=None, read=None, redirect=None, status=None)
2025-08-30 13:05:50,008 [DEBUG] [urllib3.util.retry] Converted retries value: 1 -> Retry(total=1, connect=None, read=None, redirect=None, status=None)
2025-08-30 13:05:50,009 [DEBUG] [urllib3.util.retry] Converted retries value: 1 -> Retry(total=1, connect=None, read=None, redirect=None, status=None)
2025-08-30 13:05:50,057 [DEBUG] [urllib3.connectionpool] Starting new HTTPS connection (1): auth.giggle.global:443
2025-08-30 13:05:50,913 [DEBUG] [urllib3.connectionpool] https://auth.giggle.global:443 "POST /realms/giggle/protocol/openid-connect/token HTTP/1.1" 200 2949
2025-08-30 13:05:50,915 [DEBUG] [urllib3.connectionpool] Starting new HTTPS connection (1): auth.giggle.global:443
2025-08-30 13:05:51,957 [DEBUG] [urllib3.connectionpool] https://auth.giggle.global:443 "GET /admin/realms/giggle/users/88003e87-ab23-4de5-bbd4-6ff8f6fed669?userProfileMetadata=False HTTP/1.1" 200 426
2025-08-30 13:07:46,857 [INFO] [app.main] App started
2025-08-30 13:07:47,956 [INFO] [app.services.user] Root user already exists: email=deepak@keydraft.com
2025-08-30 13:09:21,472 [INFO] [app.main] App started
2025-08-30 13:09:22,560 [INFO] [app.services.user] Root user already exists: email=deepak@keydraft.com
2025-08-30 13:13:52,032 [INFO] [app.main] App started
2025-08-30 13:13:53,155 [INFO] [app.services.user] Root user already exists: email=deepak@keydraft.com
2025-08-30 13:13:55,362 [INFO] [app.main] App started
2025-08-30 13:13:56,625 [INFO] [app.services.user] Root user already exists: email=deepak@keydraft.com
2025-08-30 13:14:50,762 [INFO] [app.main] App started
2025-08-30 13:14:51,881 [INFO] [app.services.user] Root user already exists: email=deepak@keydraft.com
2025-08-30 13:18:25,514 [INFO] [app.main] App started
2025-08-30 13:18:26,726 [INFO] [app.services.user] Root user already exists: email=deepak@keydraft.com
2025-08-30 13:18:26,740 [DEBUG] [urllib3.connectionpool] Starting new HTTPS connection (1): auth.giggle.global:443
2025-08-30 13:18:27,357 [DEBUG] [urllib3.connectionpool] https://auth.giggle.global:443 "GET /realms/giggle HTTP/1.1" 200 600
2025-08-30 13:18:27,361 [DEBUG] [urllib3.util.retry] Converted retries value: 1 -> Retry(total=1, connect=None, read=None, redirect=None, status=None)
2025-08-30 13:18:27,361 [DEBUG] [urllib3.util.retry] Converted retries value: 1 -> Retry(total=1, connect=None, read=None, redirect=None, status=None)
2025-08-30 13:18:27,408 [DEBUG] [urllib3.util.retry] Converted retries value: 1 -> Retry(total=1, connect=None, read=None, redirect=None, status=None)
2025-08-30 13:18:27,409 [DEBUG] [urllib3.util.retry] Converted retries value: 1 -> Retry(total=1, connect=None, read=None, redirect=None, status=None)
2025-08-30 13:18:27,460 [DEBUG] [urllib3.connectionpool] Starting new HTTPS connection (1): auth.giggle.global:443
2025-08-30 13:18:27,681 [DEBUG] [urllib3.connectionpool] https://auth.giggle.global:443 "POST /realms/giggle/protocol/openid-connect/token HTTP/1.1" 200 2949
2025-08-30 13:18:27,689 [DEBUG] [urllib3.connectionpool] Starting new HTTPS connection (1): auth.giggle.global:443
2025-08-30 13:18:28,001 [DEBUG] [urllib3.connectionpool] https://auth.giggle.global:443 "GET /admin/realms/giggle/users/88003e87-ab23-4de5-bbd4-6ff8f6fed669?userProfileMetadata=False HTTP/1.1" 200 426
2025-08-30 13:18:32,087 [DEBUG] [urllib3.connectionpool] https://auth.giggle.global:443 "GET /realms/giggle HTTP/1.1" 200 600
2025-08-30 13:18:32,090 [DEBUG] [urllib3.util.retry] Converted retries value: 1 -> Retry(total=1, connect=None, read=None, redirect=None, status=None)
2025-08-30 13:18:32,092 [DEBUG] [urllib3.util.retry] Converted retries value: 1 -> Retry(total=1, connect=None, read=None, redirect=None, status=None)
2025-08-30 13:18:32,148 [DEBUG] [urllib3.util.retry] Converted retries value: 1 -> Retry(total=1, connect=None, read=None, redirect=None, status=None)
2025-08-30 13:18:32,148 [DEBUG] [urllib3.util.retry] Converted retries value: 1 -> Retry(total=1, connect=None, read=None, redirect=None, status=None)
2025-08-30 13:18:32,195 [DEBUG] [urllib3.connectionpool] Starting new HTTPS connection (1): auth.giggle.global:443
2025-08-30 13:18:32,760 [DEBUG] [urllib3.connectionpool] https://auth.giggle.global:443 "POST /realms/giggle/protocol/openid-connect/token HTTP/1.1" 200 2949
2025-08-30 13:18:32,762 [DEBUG] [urllib3.connectionpool] Starting new HTTPS connection (1): auth.giggle.global:443
2025-08-30 13:18:33,552 [DEBUG] [urllib3.connectionpool] https://auth.giggle.global:443 "GET /admin/realms/giggle/users/88003e87-ab23-4de5-bbd4-6ff8f6fed669?userProfileMetadata=False HTTP/1.1" 200 426
2025-09-04 19:46:38,491 [INFO] [app.main] App started
2025-09-04 19:46:39,698 [DEBUG] [app.services.user] Creating root user in Keycloak: email=deepak@keydraft.com
2025-09-04 19:46:39,700 [DEBUG] [urllib3.connectionpool] Starting new HTTPS connection (1): auth.giggle.global:443
2025-09-04 19:46:40,347 [DEBUG] [urllib3.connectionpool] https://auth.giggle.global:443 "POST /realms/giggle/protocol/openid-connect/token HTTP/1.1" 200 1902
2025-09-04 19:46:40,348 [DEBUG] [urllib3.connectionpool] Starting new HTTPS connection (1): auth.giggle.global:443
2025-09-04 19:46:40,686 [DEBUG] [urllib3.connectionpool] https://auth.giggle.global:443 "POST /admin/realms/giggle/users HTTP/1.1" 409 46
2025-09-04 19:46:40,727 [ERROR] [ASMP] - MESSAGE: Failed to create user 43f25101-f299-44f2-b2a1-5fd8bb261338: b'{"errorMessage":"User exists with same email"}' - PID: 21387 - FILE: /home/deepak/Desktop/Deepak/Projects/giggle_services/app/core/keycloak.py:create_user_in_keycloak 
2025-09-04 19:50:11,252 [INFO] [app.main] App started
2025-09-04 19:50:12,343 [DEBUG] [app.services.user] Creating root user in Keycloak: email=deepak@keydraft.com
2025-09-04 19:50:12,345 [DEBUG] [urllib3.connectionpool] Starting new HTTPS connection (1): auth.giggle.global:443
2025-09-04 19:50:12,588 [DEBUG] [urllib3.connectionpool] https://auth.giggle.global:443 "POST /realms/giggle/protocol/openid-connect/token HTTP/1.1" 200 1902
2025-09-04 19:50:12,589 [DEBUG] [urllib3.connectionpool] Starting new HTTPS connection (1): auth.giggle.global:443
2025-09-04 19:50:12,899 [DEBUG] [urllib3.connectionpool] https://auth.giggle.global:443 "POST /admin/realms/giggle/users HTTP/1.1" 409 46
2025-09-04 19:50:12,933 [ERROR] [ASMP] - MESSAGE: Failed to create user 7660475b-1724-4193-ac72-648504dac46f: b'{"errorMessage":"User exists with same email"}' - PID: 26458 - FILE: /home/deepak/Desktop/Deepak/Projects/giggle_services/app/core/keycloak.py:create_user_in_keycloak 
2025-09-04 19:56:13,041 [INFO] [app.main] App started
2025-09-04 19:56:14,139 [DEBUG] [app.services.user] Creating root user in Keycloak: email=deepak@keydraft.com
2025-09-04 19:56:14,140 [DEBUG] [urllib3.connectionpool] Starting new HTTPS connection (1): auth.giggle.global:443
2025-09-04 19:56:14,352 [DEBUG] [urllib3.connectionpool] https://auth.giggle.global:443 "POST /realms/giggle/protocol/openid-connect/token HTTP/1.1" 200 1902
2025-09-04 19:56:14,353 [DEBUG] [urllib3.connectionpool] Starting new HTTPS connection (1): auth.giggle.global:443
2025-09-04 19:56:14,671 [DEBUG] [urllib3.connectionpool] https://auth.giggle.global:443 "POST /admin/realms/giggle/users HTTP/1.1" 201 0
2025-09-04 19:56:14,704 [INFO] [ASMP] - MESSAGE: User eaa845ee-a4d3-4ab6-9db3-6dc315da864e created with Keycloak ID 75545e13-2760-4935-9b7a-f8f0b3e7a66e - PID: 32858 - FILE: /home/deepak/Desktop/Deepak/Projects/giggle_services/app/core/keycloak.py:create_user_in_keycloak 
2025-09-04 19:56:14,879 [INFO] [app.services.user] Root user created/ensured: email=deepak@keydraft.com user_id=eaa845ee-a4d3-4ab6-9db3-6dc315da864e
2025-09-04 19:58:34,462 [INFO] [app.main] App started
2025-09-04 19:58:35,552 [INFO] [app.services.user] Root user already exists: email=deepak@keydraft.com
2025-09-04 19:58:40,267 [DEBUG] [app.routes.auth] Login attempt for email: deepak@keydraft.com
2025-09-04 19:58:40,267 [DEBUG] [app.services.user] Keycloak auth attempt for username=deepak@keydraft.com
2025-09-04 19:58:40,268 [DEBUG] [urllib3.connectionpool] Starting new HTTPS connection (1): auth.giggle.global:443
2025-09-04 19:58:41,035 [DEBUG] [urllib3.connectionpool] https://auth.giggle.global:443 "POST /realms/giggle/protocol/openid-connect/token HTTP/1.1" 200 1902
2025-09-04 19:58:41,036 [DEBUG] [urllib3.connectionpool] Starting new HTTPS connection (1): auth.giggle.global:443
2025-09-04 19:58:41,356 [DEBUG] [urllib3.connectionpool] https://auth.giggle.global:443 "POST /realms/giggle/protocol/openid-connect/token HTTP/1.1" 200 2266
2025-09-04 19:58:41,357 [INFO] [app.services.user] Login success for username=deepak@keydraft.com
2025-09-04 19:58:41,357 [INFO] [app.routes.auth] Login successful for email: deepak@keydraft.com
2025-09-04 19:58:41,358 [DEBUG] [urllib3.connectionpool] Starting new HTTPS connection (1): auth.giggle.global:443
2025-09-04 19:58:41,603 [DEBUG] [urllib3.connectionpool] https://auth.giggle.global:443 "GET /realms/giggle HTTP/1.1" 200 600
2025-09-04 19:58:41,611 [DEBUG] [urllib3.util.retry] Converted retries value: 1 -> Retry(total=1, connect=None, read=None, redirect=None, status=None)
2025-09-04 19:58:41,612 [DEBUG] [urllib3.util.retry] Converted retries value: 1 -> Retry(total=1, connect=None, read=None, redirect=None, status=None)
2025-09-04 19:58:41,632 [DEBUG] [urllib3.util.retry] Converted retries value: 1 -> Retry(total=1, connect=None, read=None, redirect=None, status=None)
2025-09-04 19:58:41,632 [DEBUG] [urllib3.util.retry] Converted retries value: 1 -> Retry(total=1, connect=None, read=None, redirect=None, status=None)
2025-09-04 19:58:41,646 [DEBUG] [urllib3.connectionpool] Starting new HTTPS connection (1): auth.giggle.global:443
2025-09-04 19:58:41,897 [DEBUG] [urllib3.connectionpool] https://auth.giggle.global:443 "POST /realms/giggle/protocol/openid-connect/token HTTP/1.1" 200 2938
2025-09-04 19:58:41,897 [DEBUG] [urllib3.connectionpool] Starting new HTTPS connection (1): auth.giggle.global:443
2025-09-04 19:58:42,117 [DEBUG] [urllib3.connectionpool] https://auth.giggle.global:443 "GET /admin/realms/giggle/users/75545e13-2760-4935-9b7a-f8f0b3e7a66e?userProfileMetadata=False HTTP/1.1" 200 426
2025-09-04 19:58:42,173 [DEBUG] [app.routes.auth] User details fetched: {'username': 'eaa845ee-a4d3-4ab6-9db3-6dc315da864e', 'email': 'deepak@keydraft.com', 'phone_number': '9999999999', 'role': 'SA', 'first_name': 'Super Admin', 'last_name': 'Super Admin', 'status': 'ACTIVE', 'keycloak_id': '75545e13-2760-4935-9b7a-f8f0b3e7a66e', 'user_id': 'eaa845ee-a4d3-4ab6-9db3-6dc315da864e'}
2025-09-04 19:59:33,338 [DEBUG] [urllib3.connectionpool] https://auth.giggle.global:443 "GET /realms/giggle HTTP/1.1" 200 600
2025-09-04 19:59:33,339 [DEBUG] [urllib3.util.retry] Converted retries value: 1 -> Retry(total=1, connect=None, read=None, redirect=None, status=None)
2025-09-04 19:59:33,339 [DEBUG] [urllib3.util.retry] Converted retries value: 1 -> Retry(total=1, connect=None, read=None, redirect=None, status=None)
2025-09-04 19:59:33,353 [DEBUG] [urllib3.util.retry] Converted retries value: 1 -> Retry(total=1, connect=None, read=None, redirect=None, status=None)
2025-09-04 19:59:33,353 [DEBUG] [urllib3.util.retry] Converted retries value: 1 -> Retry(total=1, connect=None, read=None, redirect=None, status=None)
2025-09-04 19:59:33,371 [DEBUG] [urllib3.connectionpool] Starting new HTTPS connection (1): auth.giggle.global:443
2025-09-04 19:59:33,609 [DEBUG] [urllib3.connectionpool] https://auth.giggle.global:443 "POST /realms/giggle/protocol/openid-connect/token HTTP/1.1" 200 2938
2025-09-04 19:59:33,609 [DEBUG] [urllib3.connectionpool] Starting new HTTPS connection (1): auth.giggle.global:443
2025-09-04 19:59:33,838 [DEBUG] [urllib3.connectionpool] https://auth.giggle.global:443 "GET /admin/realms/giggle/users/75545e13-2760-4935-9b7a-f8f0b3e7a66e?userProfileMetadata=False HTTP/1.1" 200 426
2025-09-04 19:59:33,886 [DEBUG] [app.routes.user] Fetching current user: user_id=eaa845ee-a4d3-4ab6-9db3-6dc315da864e
2025-09-04 19:59:33,956 [INFO] [app.routes.user] Fetched current user: user_id=eaa845ee-a4d3-4ab6-9db3-6dc315da864e
2025-09-07 19:08:15,418 [INFO] [app.main] App started
2025-09-07 19:08:16,498 [INFO] [app.services.user] Root user already exists: email=deepak@keydraft.com
2025-09-07 19:09:21,260 [DEBUG] [app.routes.auth] Login attempt for email: deepak@keydraft.com
2025-09-07 19:09:21,260 [DEBUG] [app.services.user] Keycloak auth attempt for username=deepak@keydraft.com
2025-09-07 19:09:21,261 [DEBUG] [urllib3.connectionpool] Starting new HTTPS connection (1): auth.giggle.global:443
2025-09-07 19:09:26,594 [DEBUG] [urllib3.connectionpool] https://auth.giggle.global:443 "POST /realms/giggle/protocol/openid-connect/token HTTP/1.1" 200 1907
2025-09-07 19:09:26,595 [DEBUG] [urllib3.connectionpool] Starting new HTTPS connection (1): auth.giggle.global:443
2025-09-07 19:09:26,998 [DEBUG] [urllib3.connectionpool] https://auth.giggle.global:443 "POST /realms/giggle/protocol/openid-connect/token HTTP/1.1" 200 2266
2025-09-07 19:09:26,998 [INFO] [app.services.user] Login success for username=deepak@keydraft.com
2025-09-07 19:09:26,998 [INFO] [app.routes.auth] Login successful for email: deepak@keydraft.com
2025-09-07 19:09:26,999 [DEBUG] [urllib3.connectionpool] Starting new HTTPS connection (1): auth.giggle.global:443
2025-09-07 19:09:27,281 [DEBUG] [urllib3.connectionpool] https://auth.giggle.global:443 "GET /realms/giggle HTTP/1.1" 200 600
2025-09-07 19:09:27,288 [DEBUG] [urllib3.util.retry] Converted retries value: 1 -> Retry(total=1, connect=None, read=None, redirect=None, status=None)
2025-09-07 19:09:27,288 [DEBUG] [urllib3.util.retry] Converted retries value: 1 -> Retry(total=1, connect=None, read=None, redirect=None, status=None)
2025-09-07 19:09:27,303 [DEBUG] [urllib3.util.retry] Converted retries value: 1 -> Retry(total=1, connect=None, read=None, redirect=None, status=None)
2025-09-07 19:09:27,303 [DEBUG] [urllib3.util.retry] Converted retries value: 1 -> Retry(total=1, connect=None, read=None, redirect=None, status=None)
2025-09-07 19:09:27,323 [DEBUG] [urllib3.connectionpool] Starting new HTTPS connection (1): auth.giggle.global:443
2025-09-07 19:09:27,540 [DEBUG] [urllib3.connectionpool] https://auth.giggle.global:443 "POST /realms/giggle/protocol/openid-connect/token HTTP/1.1" 200 2949
2025-09-07 19:09:27,541 [DEBUG] [urllib3.connectionpool] Starting new HTTPS connection (1): auth.giggle.global:443
2025-09-07 19:09:27,798 [DEBUG] [urllib3.connectionpool] https://auth.giggle.global:443 "GET /admin/realms/giggle/users/75545e13-2760-4935-9b7a-f8f0b3e7a66e?userProfileMetadata=False HTTP/1.1" 200 426
2025-09-07 19:09:27,874 [DEBUG] [app.routes.auth] User details fetched: {'username': 'eaa845ee-a4d3-4ab6-9db3-6dc315da864e', 'email': 'deepak@keydraft.com', 'phone_number': '9999999999', 'role': 'SA', 'first_name': 'Super Admin', 'last_name': 'Super Admin', 'status': 'ACTIVE', 'keycloak_id': '75545e13-2760-4935-9b7a-f8f0b3e7a66e', 'user_id': 'eaa845ee-a4d3-4ab6-9db3-6dc315da864e'}
2025-09-07 19:15:44,426 [INFO] [app.main] App started
2025-09-07 19:15:45,523 [INFO] [app.services.user] Root user already exists: email=deepak@keydraft.com
2025-09-07 19:16:08,871 [DEBUG] [urllib3.connectionpool] Starting new HTTPS connection (1): auth.giggle.global:443
2025-09-07 19:16:15,125 [DEBUG] [urllib3.connectionpool] https://auth.giggle.global:443 "GET /realms/giggle HTTP/1.1" 200 600
2025-09-07 19:16:15,126 [DEBUG] [urllib3.util.retry] Converted retries value: 1 -> Retry(total=1, connect=None, read=None, redirect=None, status=None)
2025-09-07 19:16:15,126 [DEBUG] [urllib3.util.retry] Converted retries value: 1 -> Retry(total=1, connect=None, read=None, redirect=None, status=None)
2025-09-07 19:16:15,143 [DEBUG] [urllib3.util.retry] Converted retries value: 1 -> Retry(total=1, connect=None, read=None, redirect=None, status=None)
2025-09-07 19:16:15,144 [DEBUG] [urllib3.util.retry] Converted retries value: 1 -> Retry(total=1, connect=None, read=None, redirect=None, status=None)
2025-09-07 19:16:15,158 [DEBUG] [urllib3.connectionpool] Starting new HTTPS connection (1): auth.giggle.global:443
2025-09-07 19:16:15,407 [DEBUG] [urllib3.connectionpool] https://auth.giggle.global:443 "POST /realms/giggle/protocol/openid-connect/token HTTP/1.1" 200 2949
2025-09-07 19:16:15,408 [DEBUG] [urllib3.connectionpool] Starting new HTTPS connection (1): auth.giggle.global:443
2025-09-07 19:16:15,619 [DEBUG] [urllib3.connectionpool] https://auth.giggle.global:443 "GET /admin/realms/giggle/users/75545e13-2760-4935-9b7a-f8f0b3e7a66e?userProfileMetadata=False HTTP/1.1" 200 426
2025-09-07 19:28:33,766 [INFO] [app.main] App started
2025-09-07 19:28:34,876 [INFO] [app.services.user] Root user already exists: email=deepak@keydraft.com
2025-09-07 19:29:08,591 [DEBUG] [app.routes.auth] Signup request received: {'username': 'johndoe', 'email': 'johndoe@example.com', 'phone_number': '+919876543210', 'role': <RoleEnum.FREELANCER: 'FL'>, 'first_name': 'John', 'last_name': 'Doe', 'status': 'ACTIVE', 'keycloak_id': None, 'user_id': None, 'passcode': 'StrongPass@123', 'signup_token': 'eyJhbGciOi...signup_token'}
2025-09-07 19:29:08,662 [DEBUG] [app.services.user] Validating signup token: eyJhbGciOi...signup_token
2025-09-07 19:29:48,468 [INFO] [app.main] App started
2025-09-07 19:29:49,549 [INFO] [app.services.user] Root user already exists: email=deepak@keydraft.com
2025-09-07 19:29:52,686 [DEBUG] [app.routes.auth] Signup request received: {'username': 'johndoe', 'email': 'johndoe@example.com', 'phone_number': '+919876543210', 'role': <RoleEnum.FREELANCER: 'FL'>, 'first_name': 'John', 'last_name': 'Doe', 'status': 'ACTIVE', 'keycloak_id': None, 'user_id': None, 'passcode': 'StrongPass@123', 'signup_token': 'eyJhbGciOi...signup_token'}
2025-09-07 19:29:52,761 [DEBUG] [app.services.user] Validating signup token: eyJhbGciOi...signup_token
2025-09-07 19:31:04,985 [DEBUG] [app.routes.auth] Signup request received: {'username': 'johndoe', 'email': 'johndoe@example.com', 'phone_number': '+919876543210', 'role': <RoleEnum.FREELANCER: 'FL'>, 'first_name': 'John', 'last_name': 'Doe', 'status': 'ACTIVE', 'keycloak_id': None, 'user_id': None, 'passcode': 'StrongPass@123', 'signup_token': 'eyJhbGciOi...signup_token'}
2025-09-07 19:31:05,046 [DEBUG] [app.services.user] Validating signup token: eyJhbGciOi...signup_token
2025-09-07 19:38:14,615 [DEBUG] [app.routes.auth] Signup request received: {'username': 'johndoe', 'email': 'johndoe@example.com', 'phone_number': '+919876543210', 'role': <RoleEnum.FREELANCER: 'FL'>, 'first_name': 'John', 'last_name': 'Doe', 'status': 'ACTIVE', 'keycloak_id': None, 'user_id': None, 'passcode': 'StrongPass@123', 'signup_token': 'eyJhbGciOi...signup_token'}
2025-09-07 19:38:17,311 [DEBUG] [app.services.user] Validating signup token: eyJhbGciOi...signup_token
2025-09-07 19:41:36,133 [DEBUG] [app.routes.auth] Signup request received: {'username': 'johndoe', 'email': 'johndoe@example.com', 'phone_number': '+919876543210', 'role': <RoleEnum.FREELANCER: 'FL'>, 'first_name': 'John', 'last_name': 'Doe', 'status': 'ACTIVE', 'keycloak_id': None, 'user_id': None, 'passcode': 'StrongPass@123', 'signup_token': 'eyJhbGciOi...signup_token'}
2025-09-07 19:41:36,213 [DEBUG] [app.services.user] Validating signup token: eyJhbGciOi...signup_token
2025-09-07 19:41:46,155 [INFO] [app.main] App started
2025-09-07 19:41:47,421 [INFO] [app.services.user] Root user already exists: email=deepak@keydraft.com
2025-09-07 19:41:51,072 [DEBUG] [app.routes.auth] Signup request received: {'username': 'johndoe', 'email': 'johndoe@example.com', 'phone_number': '+919876543210', 'role': <RoleEnum.FREELANCER: 'FL'>, 'first_name': 'John', 'last_name': 'Doe', 'status': 'ACTIVE', 'keycloak_id': None, 'user_id': None, 'passcode': 'StrongPass@123', 'signup_token': 'eyJhbGciOi...signup_token'}
2025-09-07 19:41:51,135 [DEBUG] [app.services.user] Validating signup token: eyJhbGciOi...signup_token
2025-09-07 19:41:51,194 [WARNING] [app.services.user] Signup token validation failed: Invalid token
2025-09-07 19:42:16,959 [DEBUG] [app.routes.auth] Signup request received: {'username': 'johndoe', 'email': 'johndoe@example.com', 'phone_number': '+919876543210', 'role': <RoleEnum.FREELANCER: 'FL'>, 'first_name': 'John', 'last_name': 'Doe', 'status': 'ACTIVE', 'keycloak_id': None, 'user_id': None, 'passcode': 'StrongPass@123', 'signup_token': 'gyMYfKK5fBCNxf9l4eSUAw'}
2025-09-07 19:42:17,035 [DEBUG] [app.services.user] Validating signup token: gyMYfKK5fBCNxf9l4eSUAw
2025-09-07 19:49:34,639 [INFO] [app.main] App started
2025-09-07 19:49:36,029 [INFO] [app.services.user] Root user already exists: email=deepak@keydraft.com
2025-09-07 19:49:40,351 [DEBUG] [app.routes.auth] Signup request received: {'username': 'johndoe', 'email': 'johndoe@example.com', 'phone_number': '+919876543210', 'role': <RoleEnum.FREELANCER: 'FL'>, 'first_name': 'John', 'last_name': 'Doe', 'status': 'ACTIVE', 'keycloak_id': None, 'user_id': None, 'passcode': 'StrongPass@123', 'signup_token': 'gyMYfKK5fBCNxf9l4eSUAw'}
2025-09-07 19:49:40,429 [DEBUG] [app.services.user] Validating signup token: gyMYfKK5fBCNxf9l4eSUAw
2025-09-07 19:50:12,760 [INFO] [app.main] App started
2025-09-07 19:50:14,569 [INFO] [app.services.user] Root user already exists: email=deepak@keydraft.com
2025-09-07 19:50:16,485 [DEBUG] [app.routes.auth] Signup request received: {'username': 'johndoe', 'email': 'johndoe@example.com', 'phone_number': '+919876543210', 'role': <RoleEnum.FREELANCER: 'FL'>, 'first_name': 'John', 'last_name': 'Doe', 'status': 'ACTIVE', 'keycloak_id': None, 'user_id': None, 'passcode': 'StrongPass@123', 'signup_token': 'gyMYfKK5fBCNxf9l4eSUAw'}
2025-09-07 19:50:16,659 [DEBUG] [app.services.user] Validating signup token: gyMYfKK5fBCNxf9l4eSUAw
2025-09-07 19:50:16,742 [DEBUG] [app.services.user] Acquiring Keycloak admin token to create user
2025-09-07 19:50:16,742 [DEBUG] [app.services.user] Creating user in Keycloak: {'username': '5f7f00fc-975b-41b1-af12-42702638a8a6', 'email': 'johndoe@example.com'}
2025-09-07 19:50:16,743 [DEBUG] [urllib3.connectionpool] Starting new HTTPS connection (1): auth.giggle.global:443
2025-09-07 19:50:18,105 [DEBUG] [urllib3.connectionpool] https://auth.giggle.global:443 "POST /realms/giggle/protocol/openid-connect/token HTTP/1.1" 200 1907
2025-09-07 19:50:18,106 [DEBUG] [urllib3.connectionpool] Starting new HTTPS connection (1): auth.giggle.global:443
2025-09-07 19:50:18,478 [DEBUG] [urllib3.connectionpool] https://auth.giggle.global:443 "POST /admin/realms/giggle/users HTTP/1.1" 201 0
2025-09-07 19:50:18,512 [INFO] [ASMP] - MESSAGE: User 5f7f00fc-975b-41b1-af12-42702638a8a6 created with Keycloak ID 8bde0ee2-2717-4c38-a328-d573a98d1b2a - PID: 45339 - FILE: /home/deepak/Desktop/Deepak/Projects/giggle_services/app/core/keycloak.py:create_user_in_keycloak 
2025-09-07 19:50:18,514 [DEBUG] [app.services.user] Persisting user to Mongo: user_id=5f7f00fc-975b-41b1-af12-42702638a8a6 email=johndoe@example.com
2025-09-07 19:50:18,632 [INFO] [app.services.user] User created in DB: user_id=5f7f00fc-975b-41b1-af12-42702638a8a6 email=johndoe@example.com
2025-09-07 19:50:18,632 [DEBUG] [app.services.user] Consuming signup token 'gyMYfKK5fBCNxf9l4eSUAw' for new user 5f7f00fc-975b-41b1-af12-42702638a8a6
2025-09-07 19:50:18,713 [INFO] [app.services.user] Signup token consumed: gyMYfKK5fBCNxf9l4eSUAw -> used_by=5f7f00fc-975b-41b1-af12-42702638a8a6
2025-09-07 19:50:18,713 [INFO] [app.routes.auth] User created successfully: 5f7f00fc-975b-41b1-af12-42702638a8a6
2025-09-07 19:55:06,627 [INFO] [app.main] App started
2025-09-07 19:55:07,957 [INFO] [app.services.user] Root user already exists: email=deepak@keydraft.com
2025-09-07 19:55:09,885 [DEBUG] [app.routes.auth] Signup request received: {'username': None, 'email': 'johndoe1@example.com', 'phone_number': '+919876543211', 'role': <RoleEnum.CLIENT: 'CL'>, 'first_name': 'John', 'last_name': 'Doe', 'status': 'ACTIVE', 'keycloak_id': None, 'user_id': None, 'passcode': 'StrongPass@123', 'signup_token': None}
2025-09-07 19:55:09,946 [DEBUG] [app.services.user] Acquiring Keycloak admin token to create user
2025-09-07 19:55:09,947 [DEBUG] [app.services.user] Creating user in Keycloak: {'username': '59a9cc4f-a155-4a7e-bad3-d69522bfeef5', 'email': 'johndoe1@example.com'}
2025-09-07 19:55:09,948 [DEBUG] [urllib3.connectionpool] Starting new HTTPS connection (1): auth.giggle.global:443
2025-09-07 19:55:15,351 [DEBUG] [urllib3.connectionpool] https://auth.giggle.global:443 "POST /realms/giggle/protocol/openid-connect/token HTTP/1.1" 200 1907
2025-09-07 19:55:15,352 [DEBUG] [urllib3.connectionpool] Starting new HTTPS connection (1): auth.giggle.global:443
2025-09-07 19:55:15,741 [DEBUG] [urllib3.connectionpool] https://auth.giggle.global:443 "POST /admin/realms/giggle/users HTTP/1.1" 201 0
2025-09-07 19:55:15,776 [INFO] [ASMP] - MESSAGE: User 59a9cc4f-a155-4a7e-bad3-d69522bfeef5 created with Keycloak ID 6bab27f1-ac5f-48b8-9ac4-1bc8b478f86e - PID: 48321 - FILE: /home/deepak/Desktop/Deepak/Projects/giggle_services/app/core/keycloak.py:create_user_in_keycloak 
2025-09-07 19:55:15,776 [DEBUG] [app.services.user] Persisting user to Mongo: user_id=59a9cc4f-a155-4a7e-bad3-d69522bfeef5 email=johndoe1@example.com
2025-09-07 19:55:15,913 [INFO] [app.services.user] User created in DB: user_id=59a9cc4f-a155-4a7e-bad3-d69522bfeef5 email=johndoe1@example.com
2025-09-07 19:55:15,914 [INFO] [app.routes.auth] User created successfully: 59a9cc4f-a155-4a7e-bad3-d69522bfeef5
2025-09-07 19:55:34,988 [DEBUG] [app.routes.auth] Signup request received: {'username': None, 'email': 'johndoe2@example.com', 'phone_number': '+919876543212', 'role': <RoleEnum.FREELANCER: 'FL'>, 'first_name': 'John', 'last_name': 'Doe', 'status': 'ACTIVE', 'keycloak_id': None, 'user_id': None, 'passcode': 'StrongPass@123', 'signup_token': None}
2025-09-07 19:56:18,582 [DEBUG] [app.routes.auth] Login attempt for email: johndoe@example.com
2025-09-07 19:56:18,582 [DEBUG] [app.services.user] Keycloak auth attempt for username=johndoe@example.com
2025-09-07 19:56:18,583 [DEBUG] [urllib3.connectionpool] Starting new HTTPS connection (1): auth.giggle.global:443
2025-09-07 19:56:18,820 [DEBUG] [urllib3.connectionpool] https://auth.giggle.global:443 "POST /realms/giggle/protocol/openid-connect/token HTTP/1.1" 200 1907
2025-09-07 19:56:18,821 [DEBUG] [urllib3.connectionpool] Starting new HTTPS connection (1): auth.giggle.global:443
2025-09-07 19:56:19,353 [DEBUG] [urllib3.connectionpool] https://auth.giggle.global:443 "POST /realms/giggle/protocol/openid-connect/token HTTP/1.1" 200 2226
2025-09-07 19:56:19,353 [INFO] [app.services.user] Login success for username=johndoe@example.com
2025-09-07 19:56:19,353 [INFO] [app.routes.auth] Login successful for email: johndoe@example.com
2025-09-07 19:56:19,354 [DEBUG] [urllib3.connectionpool] Starting new HTTPS connection (1): auth.giggle.global:443
2025-09-07 19:56:19,563 [DEBUG] [urllib3.connectionpool] https://auth.giggle.global:443 "GET /realms/giggle HTTP/1.1" 200 600
2025-09-07 19:56:19,565 [DEBUG] [urllib3.util.retry] Converted retries value: 1 -> Retry(total=1, connect=None, read=None, redirect=None, status=None)
2025-09-07 19:56:19,565 [DEBUG] [urllib3.util.retry] Converted retries value: 1 -> Retry(total=1, connect=None, read=None, redirect=None, status=None)
2025-09-07 19:56:19,581 [DEBUG] [urllib3.util.retry] Converted retries value: 1 -> Retry(total=1, connect=None, read=None, redirect=None, status=None)
2025-09-07 19:56:19,581 [DEBUG] [urllib3.util.retry] Converted retries value: 1 -> Retry(total=1, connect=None, read=None, redirect=None, status=None)
2025-09-07 19:56:19,604 [DEBUG] [urllib3.connectionpool] Starting new HTTPS connection (1): auth.giggle.global:443
2025-09-07 19:56:19,969 [DEBUG] [urllib3.connectionpool] https://auth.giggle.global:443 "POST /realms/giggle/protocol/openid-connect/token HTTP/1.1" 200 2949
2025-09-07 19:56:19,970 [DEBUG] [urllib3.connectionpool] Starting new HTTPS connection (1): auth.giggle.global:443
2025-09-07 19:56:20,245 [DEBUG] [urllib3.connectionpool] https://auth.giggle.global:443 "GET /admin/realms/giggle/users/8bde0ee2-2717-4c38-a328-d573a98d1b2a?userProfileMetadata=False HTTP/1.1" 200 411
2025-09-07 19:56:20,313 [DEBUG] [app.routes.auth] User details fetched: {'username': 'johndoe', 'email': 'johndoe@example.com', 'phone_number': '+919876543210', 'role': 'FL', 'first_name': 'John', 'last_name': 'Doe', 'status': 'ACTIVE', 'keycloak_id': '8bde0ee2-2717-4c38-a328-d573a98d1b2a', 'user_id': '5f7f00fc-975b-41b1-af12-42702638a8a6', 'signup_token': 'gyMYfKK5fBCNxf9l4eSUAw'}
2025-09-07 19:56:49,528 [DEBUG] [urllib3.connectionpool] https://auth.giggle.global:443 "GET /realms/giggle HTTP/1.1" 200 600
2025-09-07 19:56:49,528 [DEBUG] [urllib3.util.retry] Converted retries value: 1 -> Retry(total=1, connect=None, read=None, redirect=None, status=None)
2025-09-07 19:56:49,528 [DEBUG] [urllib3.util.retry] Converted retries value: 1 -> Retry(total=1, connect=None, read=None, redirect=None, status=None)
2025-09-07 19:56:49,540 [DEBUG] [urllib3.util.retry] Converted retries value: 1 -> Retry(total=1, connect=None, read=None, redirect=None, status=None)
2025-09-07 19:56:49,540 [DEBUG] [urllib3.util.retry] Converted retries value: 1 -> Retry(total=1, connect=None, read=None, redirect=None, status=None)
2025-09-07 19:56:49,557 [DEBUG] [urllib3.connectionpool] Starting new HTTPS connection (1): auth.giggle.global:443
2025-09-07 19:56:49,794 [DEBUG] [urllib3.connectionpool] https://auth.giggle.global:443 "POST /realms/giggle/protocol/openid-connect/token HTTP/1.1" 200 2949
2025-09-07 19:56:49,795 [DEBUG] [urllib3.connectionpool] Starting new HTTPS connection (1): auth.giggle.global:443
2025-09-07 19:56:50,051 [DEBUG] [urllib3.connectionpool] https://auth.giggle.global:443 "GET /admin/realms/giggle/users/8bde0ee2-2717-4c38-a328-d573a98d1b2a?userProfileMetadata=False HTTP/1.1" 200 411
2025-09-07 19:57:32,748 [DEBUG] [app.routes.auth] Signup request received: {'username': None, 'email': 'johndoe2@example.com', 'phone_number': '+919876543212', 'role': <RoleEnum.FREELANCER: 'FL'>, 'first_name': 'John', 'last_name': 'Doe', 'status': 'ACTIVE', 'keycloak_id': None, 'user_id': None, 'passcode': 'StrongPass@123', 'signup_token': ' '}
2025-09-07 19:57:32,801 [DEBUG] [app.services.user] Validating signup token:  
2025-09-07 19:57:32,875 [WARNING] [app.services.user] Signup token validation failed: Invalid token
2025-09-07 19:57:40,681 [DEBUG] [app.routes.auth] Signup request received: {'username': None, 'email': 'johndoe2@example.com', 'phone_number': '+919876543212', 'role': <RoleEnum.FREELANCER: 'FL'>, 'first_name': 'John', 'last_name': 'Doe', 'status': 'ACTIVE', 'keycloak_id': None, 'user_id': None, 'passcode': 'StrongPass@123', 'signup_token': '5f7f00fc-975b-41b1-af12-42702638a8a6'}
2025-09-07 19:57:40,759 [DEBUG] [app.services.user] Validating signup token: 5f7f00fc-975b-41b1-af12-42702638a8a6
2025-09-07 19:57:40,836 [WARNING] [app.services.user] Signup token validation failed: Invalid token
2025-09-07 19:58:20,226 [DEBUG] [app.routes.auth] Signup request received: {'username': None, 'email': 'johndoe2@example.com', 'phone_number': '+919876543212', 'role': <RoleEnum.FREELANCER: 'FL'>, 'first_name': 'John', 'last_name': 'Doe', 'status': 'ACTIVE', 'keycloak_id': None, 'user_id': None, 'passcode': 'StrongPass@123', 'signup_token': 'bo_VcUYQHdXCOXLDEVGCNQ'}
2025-09-07 19:58:20,304 [DEBUG] [app.services.user] Validating signup token: bo_VcUYQHdXCOXLDEVGCNQ
2025-09-07 19:58:20,385 [DEBUG] [app.services.user] Acquiring Keycloak admin token to create user
2025-09-07 19:58:20,385 [DEBUG] [app.services.user] Creating user in Keycloak: {'username': 'a7969b5f-76da-46fa-bc07-f7c1900681be', 'email': 'johndoe2@example.com'}
2025-09-07 19:58:20,387 [DEBUG] [urllib3.connectionpool] Starting new HTTPS connection (1): auth.giggle.global:443
2025-09-07 19:58:20,629 [DEBUG] [urllib3.connectionpool] https://auth.giggle.global:443 "POST /realms/giggle/protocol/openid-connect/token HTTP/1.1" 200 1907
2025-09-07 19:58:20,630 [DEBUG] [urllib3.connectionpool] Starting new HTTPS connection (1): auth.giggle.global:443
2025-09-07 19:58:20,947 [DEBUG] [urllib3.connectionpool] https://auth.giggle.global:443 "POST /admin/realms/giggle/users HTTP/1.1" 201 0
2025-09-07 19:58:20,948 [INFO] [ASMP] - MESSAGE: User a7969b5f-76da-46fa-bc07-f7c1900681be created with Keycloak ID d9605641-3634-4a6b-a2d5-75f04699d9bc - PID: 48321 - FILE: /home/deepak/Desktop/Deepak/Projects/giggle_services/app/core/keycloak.py:create_user_in_keycloak 
2025-09-07 19:58:20,948 [DEBUG] [app.services.user] Persisting user to Mongo: user_id=a7969b5f-76da-46fa-bc07-f7c1900681be email=johndoe2@example.com
2025-09-07 19:58:21,066 [INFO] [app.services.user] User created in DB: user_id=a7969b5f-76da-46fa-bc07-f7c1900681be email=johndoe2@example.com
2025-09-07 19:58:21,066 [DEBUG] [app.services.user] Consuming signup token 'bo_VcUYQHdXCOXLDEVGCNQ' for new user a7969b5f-76da-46fa-bc07-f7c1900681be
2025-09-07 19:58:21,150 [INFO] [app.services.user] Signup token consumed: bo_VcUYQHdXCOXLDEVGCNQ -> used_by=a7969b5f-76da-46fa-bc07-f7c1900681be
2025-09-07 19:58:21,150 [INFO] [app.routes.auth] User created successfully: a7969b5f-76da-46fa-bc07-f7c1900681be
2025-09-07 20:00:48,976 [DEBUG] [urllib3.connectionpool] Resetting dropped connection: auth.giggle.global
2025-09-07 20:00:49,258 [DEBUG] [urllib3.connectionpool] https://auth.giggle.global:443 "GET /realms/giggle HTTP/1.1" 200 600
2025-09-07 20:00:49,258 [DEBUG] [urllib3.util.retry] Converted retries value: 1 -> Retry(total=1, connect=None, read=None, redirect=None, status=None)
2025-09-07 20:00:49,258 [DEBUG] [urllib3.util.retry] Converted retries value: 1 -> Retry(total=1, connect=None, read=None, redirect=None, status=None)
2025-09-07 20:00:49,277 [DEBUG] [urllib3.util.retry] Converted retries value: 1 -> Retry(total=1, connect=None, read=None, redirect=None, status=None)
2025-09-07 20:00:49,277 [DEBUG] [urllib3.util.retry] Converted retries value: 1 -> Retry(total=1, connect=None, read=None, redirect=None, status=None)
2025-09-07 20:00:49,296 [DEBUG] [urllib3.connectionpool] Starting new HTTPS connection (1): auth.giggle.global:443
2025-09-07 20:00:49,574 [DEBUG] [urllib3.connectionpool] https://auth.giggle.global:443 "POST /realms/giggle/protocol/openid-connect/token HTTP/1.1" 200 2949
2025-09-07 20:00:49,575 [DEBUG] [urllib3.connectionpool] Starting new HTTPS connection (1): auth.giggle.global:443
2025-09-07 20:00:49,805 [DEBUG] [urllib3.connectionpool] https://auth.giggle.global:443 "GET /admin/realms/giggle/users/8bde0ee2-2717-4c38-a328-d573a98d1b2a?userProfileMetadata=False HTTP/1.1" 200 411
2025-09-07 21:21:20,186 [INFO] [app.main] App started
2025-09-07 21:21:21,814 [INFO] [app.services.user] Root user already exists: email=deepak@keydraft.com
2025-09-07 21:21:43,272 [DEBUG] [app.routes.auth] Login attempt for email: johndoe@example.com
2025-09-07 21:21:43,272 [DEBUG] [app.services.user] Keycloak auth attempt for username=johndoe@example.com
2025-09-07 21:21:43,273 [DEBUG] [urllib3.connectionpool] Starting new HTTPS connection (1): auth.giggle.global:443
2025-09-07 21:21:48,691 [DEBUG] [urllib3.connectionpool] https://auth.giggle.global:443 "POST /realms/giggle/protocol/openid-connect/token HTTP/1.1" 200 1907
2025-09-07 21:21:48,693 [DEBUG] [urllib3.connectionpool] Starting new HTTPS connection (1): auth.giggle.global:443
2025-09-07 21:21:49,138 [DEBUG] [urllib3.connectionpool] https://auth.giggle.global:443 "POST /realms/giggle/protocol/openid-connect/token HTTP/1.1" 200 2226
2025-09-07 21:21:49,139 [INFO] [app.services.user] Login success for username=johndoe@example.com
2025-09-07 21:21:49,139 [INFO] [app.routes.auth] Login successful for email: johndoe@example.com
2025-09-07 21:21:49,139 [DEBUG] [urllib3.connectionpool] Starting new HTTPS connection (1): auth.giggle.global:443
2025-09-07 21:21:49,354 [DEBUG] [urllib3.connectionpool] https://auth.giggle.global:443 "GET /realms/giggle HTTP/1.1" 200 600
2025-09-07 21:21:49,355 [DEBUG] [urllib3.util.retry] Converted retries value: 1 -> Retry(total=1, connect=None, read=None, redirect=None, status=None)
2025-09-07 21:21:49,355 [DEBUG] [urllib3.util.retry] Converted retries value: 1 -> Retry(total=1, connect=None, read=None, redirect=None, status=None)
2025-09-07 21:21:49,377 [DEBUG] [urllib3.util.retry] Converted retries value: 1 -> Retry(total=1, connect=None, read=None, redirect=None, status=None)
2025-09-07 21:21:49,377 [DEBUG] [urllib3.util.retry] Converted retries value: 1 -> Retry(total=1, connect=None, read=None, redirect=None, status=None)
2025-09-07 21:21:49,399 [DEBUG] [urllib3.connectionpool] Starting new HTTPS connection (1): auth.giggle.global:443
2025-09-07 21:21:49,617 [DEBUG] [urllib3.connectionpool] https://auth.giggle.global:443 "POST /realms/giggle/protocol/openid-connect/token HTTP/1.1" 200 2949
2025-09-07 21:21:49,618 [DEBUG] [urllib3.connectionpool] Starting new HTTPS connection (1): auth.giggle.global:443
2025-09-07 21:21:49,840 [DEBUG] [urllib3.connectionpool] https://auth.giggle.global:443 "GET /admin/realms/giggle/users/8bde0ee2-2717-4c38-a328-d573a98d1b2a?userProfileMetadata=False HTTP/1.1" 200 411
2025-09-07 21:21:49,927 [DEBUG] [app.routes.auth] User details fetched: {'username': 'johndoe', 'email': 'johndoe@example.com', 'phone_number': '+919876543210', 'role': 'FL', 'first_name': 'John', 'last_name': 'Doe', 'status': 'ACTIVE', 'keycloak_id': '8bde0ee2-2717-4c38-a328-d573a98d1b2a', 'user_id': '5f7f00fc-975b-41b1-af12-42702638a8a6', 'signup_token': 'gyMYfKK5fBCNxf9l4eSUAw'}
2025-09-07 21:24:16,674 [INFO] [app.main] App started
2025-09-07 21:24:18,012 [INFO] [app.services.user] Root user already exists: email=deepak@keydraft.com
2025-09-07 21:25:58,362 [INFO] [app.main] App started
2025-09-07 21:25:59,691 [INFO] [app.services.user] Root user already exists: email=deepak@keydraft.com
2025-09-07 21:28:15,264 [DEBUG] [urllib3.connectionpool] Starting new HTTPS connection (1): auth.giggle.global:443
2025-09-07 21:28:15,575 [DEBUG] [urllib3.connectionpool] https://auth.giggle.global:443 "GET /realms/giggle HTTP/1.1" 200 600
2025-09-07 21:28:15,577 [DEBUG] [urllib3.util.retry] Converted retries value: 1 -> Retry(total=1, connect=None, read=None, redirect=None, status=None)
2025-09-07 21:28:15,578 [DEBUG] [urllib3.util.retry] Converted retries value: 1 -> Retry(total=1, connect=None, read=None, redirect=None, status=None)
2025-09-07 21:28:15,595 [DEBUG] [urllib3.util.retry] Converted retries value: 1 -> Retry(total=1, connect=None, read=None, redirect=None, status=None)
2025-09-07 21:28:15,595 [DEBUG] [urllib3.util.retry] Converted retries value: 1 -> Retry(total=1, connect=None, read=None, redirect=None, status=None)
2025-09-07 21:28:15,609 [DEBUG] [urllib3.connectionpool] Starting new HTTPS connection (1): auth.giggle.global:443
2025-09-07 21:28:15,846 [DEBUG] [urllib3.connectionpool] https://auth.giggle.global:443 "POST /realms/giggle/protocol/openid-connect/token HTTP/1.1" 200 2949
2025-09-07 21:28:15,847 [DEBUG] [urllib3.connectionpool] Starting new HTTPS connection (1): auth.giggle.global:443
2025-09-07 21:28:16,163 [DEBUG] [urllib3.connectionpool] https://auth.giggle.global:443 "GET /admin/realms/giggle/users/8bde0ee2-2717-4c38-a328-d573a98d1b2a?userProfileMetadata=False HTTP/1.1" 200 411
2025-09-07 21:29:57,357 [INFO] [app.main] App started
2025-09-07 21:29:58,704 [INFO] [app.services.user] Root user already exists: email=deepak@keydraft.com
2025-09-07 21:30:00,776 [DEBUG] [urllib3.connectionpool] Starting new HTTPS connection (1): auth.giggle.global:443
2025-09-07 21:30:00,981 [DEBUG] [urllib3.connectionpool] https://auth.giggle.global:443 "GET /realms/giggle HTTP/1.1" 200 600
2025-09-07 21:30:00,983 [DEBUG] [urllib3.util.retry] Converted retries value: 1 -> Retry(total=1, connect=None, read=None, redirect=None, status=None)
2025-09-07 21:30:00,983 [DEBUG] [urllib3.util.retry] Converted retries value: 1 -> Retry(total=1, connect=None, read=None, redirect=None, status=None)
2025-09-07 21:30:01,000 [DEBUG] [urllib3.util.retry] Converted retries value: 1 -> Retry(total=1, connect=None, read=None, redirect=None, status=None)
2025-09-07 21:30:01,000 [DEBUG] [urllib3.util.retry] Converted retries value: 1 -> Retry(total=1, connect=None, read=None, redirect=None, status=None)
2025-09-07 21:30:01,014 [DEBUG] [urllib3.connectionpool] Starting new HTTPS connection (1): auth.giggle.global:443
2025-09-07 21:30:01,294 [DEBUG] [urllib3.connectionpool] https://auth.giggle.global:443 "POST /realms/giggle/protocol/openid-connect/token HTTP/1.1" 200 2949
2025-09-07 21:30:01,295 [DEBUG] [urllib3.connectionpool] Starting new HTTPS connection (1): auth.giggle.global:443
2025-09-07 21:30:01,502 [DEBUG] [urllib3.connectionpool] https://auth.giggle.global:443 "GET /admin/realms/giggle/users/8bde0ee2-2717-4c38-a328-d573a98d1b2a?userProfileMetadata=False HTTP/1.1" 200 411
2025-09-07 21:30:49,598 [DEBUG] [urllib3.connectionpool] https://auth.giggle.global:443 "GET /realms/giggle HTTP/1.1" 200 600
2025-09-07 21:30:49,598 [DEBUG] [urllib3.util.retry] Converted retries value: 1 -> Retry(total=1, connect=None, read=None, redirect=None, status=None)
2025-09-07 21:30:49,599 [DEBUG] [urllib3.util.retry] Converted retries value: 1 -> Retry(total=1, connect=None, read=None, redirect=None, status=None)
2025-09-07 21:30:49,612 [DEBUG] [urllib3.util.retry] Converted retries value: 1 -> Retry(total=1, connect=None, read=None, redirect=None, status=None)
2025-09-07 21:30:49,612 [DEBUG] [urllib3.util.retry] Converted retries value: 1 -> Retry(total=1, connect=None, read=None, redirect=None, status=None)
2025-09-07 21:30:49,628 [DEBUG] [urllib3.connectionpool] Starting new HTTPS connection (1): auth.giggle.global:443
2025-09-07 21:30:49,932 [DEBUG] [urllib3.connectionpool] https://auth.giggle.global:443 "POST /realms/giggle/protocol/openid-connect/token HTTP/1.1" 200 2949
2025-09-07 21:30:49,933 [DEBUG] [urllib3.connectionpool] Starting new HTTPS connection (1): auth.giggle.global:443
2025-09-07 21:30:50,158 [DEBUG] [urllib3.connectionpool] https://auth.giggle.global:443 "GET /admin/realms/giggle/users/8bde0ee2-2717-4c38-a328-d573a98d1b2a?userProfileMetadata=False HTTP/1.1" 200 411
2025-09-08 15:04:16,975 [INFO] [app.main] App started
2025-09-08 15:04:18,761 [INFO] [app.services.user] Root user already exists: email=deepak@keydraft.com
2025-09-08 15:04:43,945 [DEBUG] [urllib3.connectionpool] Starting new HTTPS connection (1): auth.giggle.global:443
2025-09-08 15:04:44,187 [DEBUG] [urllib3.connectionpool] https://auth.giggle.global:443 "GET /realms/giggle HTTP/1.1" 200 600
2025-09-08 15:04:44,189 [DEBUG] [urllib3.util.retry] Converted retries value: 1 -> Retry(total=1, connect=None, read=None, redirect=None, status=None)
2025-09-08 15:04:44,189 [DEBUG] [urllib3.util.retry] Converted retries value: 1 -> Retry(total=1, connect=None, read=None, redirect=None, status=None)
2025-09-08 15:04:44,208 [DEBUG] [urllib3.util.retry] Converted retries value: 1 -> Retry(total=1, connect=None, read=None, redirect=None, status=None)
2025-09-08 15:04:44,208 [DEBUG] [urllib3.util.retry] Converted retries value: 1 -> Retry(total=1, connect=None, read=None, redirect=None, status=None)
2025-09-08 15:04:44,223 [DEBUG] [urllib3.connectionpool] Starting new HTTPS connection (1): auth.giggle.global:443
2025-09-08 15:04:44,544 [DEBUG] [urllib3.connectionpool] https://auth.giggle.global:443 "POST /realms/giggle/protocol/openid-connect/token HTTP/1.1" 200 2954
2025-09-08 15:04:44,545 [DEBUG] [urllib3.connectionpool] Starting new HTTPS connection (1): auth.giggle.global:443
2025-09-08 15:04:44,938 [DEBUG] [urllib3.connectionpool] https://auth.giggle.global:443 "GET /admin/realms/giggle/users/8bde0ee2-2717-4c38-a328-d573a98d1b2a?userProfileMetadata=False HTTP/1.1" 200 411
2025-09-08 15:11:45,329 [INFO] [app.main] App started
2025-09-08 15:11:46,714 [INFO] [app.services.user] Root user already exists: email=deepak@keydraft.com
2025-09-08 15:11:51,436 [DEBUG] [urllib3.connectionpool] Starting new HTTPS connection (1): auth.giggle.global:443
2025-09-08 15:11:51,733 [DEBUG] [urllib3.connectionpool] https://auth.giggle.global:443 "GET /realms/giggle HTTP/1.1" 200 600
2025-09-08 15:11:51,734 [DEBUG] [urllib3.util.retry] Converted retries value: 1 -> Retry(total=1, connect=None, read=None, redirect=None, status=None)
2025-09-08 15:11:51,734 [DEBUG] [urllib3.util.retry] Converted retries value: 1 -> Retry(total=1, connect=None, read=None, redirect=None, status=None)
2025-09-08 15:11:51,749 [DEBUG] [urllib3.util.retry] Converted retries value: 1 -> Retry(total=1, connect=None, read=None, redirect=None, status=None)
2025-09-08 15:11:51,749 [DEBUG] [urllib3.util.retry] Converted retries value: 1 -> Retry(total=1, connect=None, read=None, redirect=None, status=None)
2025-09-08 15:11:51,770 [DEBUG] [urllib3.connectionpool] Starting new HTTPS connection (1): auth.giggle.global:443
2025-09-08 15:11:52,007 [DEBUG] [urllib3.connectionpool] https://auth.giggle.global:443 "POST /realms/giggle/protocol/openid-connect/token HTTP/1.1" 200 2954
2025-09-08 15:11:52,008 [DEBUG] [urllib3.connectionpool] Starting new HTTPS connection (1): auth.giggle.global:443
2025-09-08 15:11:52,311 [DEBUG] [urllib3.connectionpool] https://auth.giggle.global:443 "GET /admin/realms/giggle/users/8bde0ee2-2717-4c38-a328-d573a98d1b2a?userProfileMetadata=False HTTP/1.1" 200 411
2025-09-08 15:14:26,626 [INFO] [app.main] App started
2025-09-08 15:14:28,014 [INFO] [app.services.user] Root user already exists: email=deepak@keydraft.com
2025-09-08 15:14:36,927 [DEBUG] [urllib3.connectionpool] Starting new HTTPS connection (1): auth.giggle.global:443
2025-09-08 15:14:37,142 [DEBUG] [urllib3.connectionpool] https://auth.giggle.global:443 "GET /realms/giggle HTTP/1.1" 200 600
2025-09-08 15:14:37,143 [DEBUG] [urllib3.util.retry] Converted retries value: 1 -> Retry(total=1, connect=None, read=None, redirect=None, status=None)
2025-09-08 15:14:37,143 [DEBUG] [urllib3.util.retry] Converted retries value: 1 -> Retry(total=1, connect=None, read=None, redirect=None, status=None)
2025-09-08 15:14:37,159 [DEBUG] [urllib3.util.retry] Converted retries value: 1 -> Retry(total=1, connect=None, read=None, redirect=None, status=None)
2025-09-08 15:14:37,159 [DEBUG] [urllib3.util.retry] Converted retries value: 1 -> Retry(total=1, connect=None, read=None, redirect=None, status=None)
2025-09-08 15:14:37,175 [DEBUG] [urllib3.connectionpool] Starting new HTTPS connection (1): auth.giggle.global:443
2025-09-08 15:14:37,454 [DEBUG] [urllib3.connectionpool] https://auth.giggle.global:443 "POST /realms/giggle/protocol/openid-connect/token HTTP/1.1" 200 2954
2025-09-08 15:14:37,455 [DEBUG] [urllib3.connectionpool] Starting new HTTPS connection (1): auth.giggle.global:443
2025-09-08 15:14:37,738 [DEBUG] [urllib3.connectionpool] https://auth.giggle.global:443 "GET /admin/realms/giggle/users/8bde0ee2-2717-4c38-a328-d573a98d1b2a?userProfileMetadata=False HTTP/1.1" 200 411
2025-09-09 16:12:45,779 [INFO] [app.main] App started
2025-09-09 16:12:46,946 [INFO] [app.services.user] Root user already exists: email=deepak@keydraft.com
2025-09-09 16:13:14,688 [DEBUG] [app.routes.auth] Login attempt for email: johndoe@example.com
2025-09-09 16:13:14,689 [DEBUG] [app.services.user] Keycloak auth attempt for username=johndoe@example.com
2025-09-09 16:13:14,692 [DEBUG] [urllib3.connectionpool] Starting new HTTPS connection (1): auth.giggle.global:443
2025-09-09 16:13:15,160 [DEBUG] [urllib3.connectionpool] https://auth.giggle.global:443 "POST /realms/giggle/protocol/openid-connect/token HTTP/1.1" 200 1902
2025-09-09 16:13:15,163 [DEBUG] [urllib3.connectionpool] Starting new HTTPS connection (1): auth.giggle.global:443
2025-09-09 16:13:15,609 [DEBUG] [urllib3.connectionpool] https://auth.giggle.global:443 "POST /realms/giggle/protocol/openid-connect/token HTTP/1.1" 200 2226
2025-09-09 16:13:15,610 [INFO] [app.services.user] Login success for username=johndoe@example.com
2025-09-09 16:13:15,610 [INFO] [app.routes.auth] Login successful for email: johndoe@example.com
2025-09-09 16:13:15,612 [DEBUG] [urllib3.connectionpool] Starting new HTTPS connection (1): auth.giggle.global:443
2025-09-09 16:13:15,872 [DEBUG] [urllib3.connectionpool] https://auth.giggle.global:443 "GET /realms/giggle HTTP/1.1" 200 600
2025-09-09 16:13:15,875 [DEBUG] [urllib3.util.retry] Converted retries value: 1 -> Retry(total=1, connect=None, read=None, redirect=None, status=None)
2025-09-09 16:13:15,876 [DEBUG] [urllib3.util.retry] Converted retries value: 1 -> Retry(total=1, connect=None, read=None, redirect=None, status=None)
2025-09-09 16:13:15,903 [DEBUG] [urllib3.util.retry] Converted retries value: 1 -> Retry(total=1, connect=None, read=None, redirect=None, status=None)
2025-09-09 16:13:15,903 [DEBUG] [urllib3.util.retry] Converted retries value: 1 -> Retry(total=1, connect=None, read=None, redirect=None, status=None)
2025-09-09 16:13:15,915 [DEBUG] [urllib3.connectionpool] Starting new HTTPS connection (1): auth.giggle.global:443
2025-09-09 16:13:16,185 [DEBUG] [urllib3.connectionpool] https://auth.giggle.global:443 "POST /realms/giggle/protocol/openid-connect/token HTTP/1.1" 200 2938
2025-09-09 16:13:16,187 [DEBUG] [urllib3.connectionpool] Starting new HTTPS connection (1): auth.giggle.global:443
2025-09-09 16:13:16,315 [DEBUG] [urllib3.connectionpool] https://auth.giggle.global:443 "GET /admin/realms/giggle/users/8bde0ee2-2717-4c38-a328-d573a98d1b2a?userProfileMetadata=False HTTP/1.1" 200 411
2025-09-09 16:13:16,359 [DEBUG] [app.routes.auth] User details fetched: {'username': 'johndoe', 'email': 'johndoe@example.com', 'phone_number': '+919876543210', 'role': 'FL', 'first_name': 'John', 'last_name': 'Doe', 'status': 'ACTIVE', 'keycloak_id': '8bde0ee2-2717-4c38-a328-d573a98d1b2a', 'user_id': '5f7f00fc-975b-41b1-af12-42702638a8a6', 'signup_token': 'gyMYfKK5fBCNxf9l4eSUAw', 'skill_set': [{'skill_id': '5e2ed7c1-c39e-4cf1-b18d-0cf60f311422', 'level': 'basic'}, {'skill_id': '2976f086-7237-4d7d-8b44-bea88f597b20', 'level': 'basic'}]}
2025-09-09 16:14:50,938 [DEBUG] [urllib3.connectionpool] Resetting dropped connection: auth.giggle.global
2025-09-09 16:14:51,205 [DEBUG] [urllib3.connectionpool] https://auth.giggle.global:443 "GET /realms/giggle HTTP/1.1" 200 600
2025-09-09 16:14:51,206 [DEBUG] [urllib3.util.retry] Converted retries value: 1 -> Retry(total=1, connect=None, read=None, redirect=None, status=None)
2025-09-09 16:14:51,206 [DEBUG] [urllib3.util.retry] Converted retries value: 1 -> Retry(total=1, connect=None, read=None, redirect=None, status=None)
2025-09-09 16:14:51,228 [DEBUG] [urllib3.util.retry] Converted retries value: 1 -> Retry(total=1, connect=None, read=None, redirect=None, status=None)
2025-09-09 16:14:51,228 [DEBUG] [urllib3.util.retry] Converted retries value: 1 -> Retry(total=1, connect=None, read=None, redirect=None, status=None)
2025-09-09 16:14:51,246 [DEBUG] [urllib3.connectionpool] Starting new HTTPS connection (1): auth.giggle.global:443
2025-09-09 16:14:51,620 [DEBUG] [urllib3.connectionpool] https://auth.giggle.global:443 "POST /realms/giggle/protocol/openid-connect/token HTTP/1.1" 200 2938
2025-09-09 16:14:51,622 [DEBUG] [urllib3.connectionpool] Starting new HTTPS connection (1): auth.giggle.global:443
2025-09-09 16:14:51,747 [DEBUG] [urllib3.connectionpool] https://auth.giggle.global:443 "GET /admin/realms/giggle/users/8bde0ee2-2717-4c38-a328-d573a98d1b2a?userProfileMetadata=False HTTP/1.1" 200 411
2025-09-09 16:14:51,886 [DEBUG] [app.routes.user] Fetching current user: user_id=5f7f00fc-975b-41b1-af12-42702638a8a6
2025-09-09 16:14:51,916 [INFO] [app.routes.user] Fetched current user: user_id=5f7f00fc-975b-41b1-af12-42702638a8a6
2025-09-09 16:15:33,054 [DEBUG] [urllib3.connectionpool] https://auth.giggle.global:443 "GET /realms/giggle HTTP/1.1" 200 600
2025-09-09 16:15:33,055 [DEBUG] [urllib3.util.retry] Converted retries value: 1 -> Retry(total=1, connect=None, read=None, redirect=None, status=None)
2025-09-09 16:15:33,055 [DEBUG] [urllib3.util.retry] Converted retries value: 1 -> Retry(total=1, connect=None, read=None, redirect=None, status=None)
2025-09-09 16:15:33,067 [DEBUG] [urllib3.util.retry] Converted retries value: 1 -> Retry(total=1, connect=None, read=None, redirect=None, status=None)
2025-09-09 16:15:33,067 [DEBUG] [urllib3.util.retry] Converted retries value: 1 -> Retry(total=1, connect=None, read=None, redirect=None, status=None)
2025-09-09 16:15:33,083 [DEBUG] [urllib3.connectionpool] Starting new HTTPS connection (1): auth.giggle.global:443
2025-09-09 16:15:33,199 [DEBUG] [urllib3.connectionpool] https://auth.giggle.global:443 "POST /realms/giggle/protocol/openid-connect/token HTTP/1.1" 200 2938
2025-09-09 16:15:33,200 [DEBUG] [urllib3.connectionpool] Starting new HTTPS connection (1): auth.giggle.global:443
2025-09-09 16:15:33,324 [DEBUG] [urllib3.connectionpool] https://auth.giggle.global:443 "GET /admin/realms/giggle/users/8bde0ee2-2717-4c38-a328-d573a98d1b2a?userProfileMetadata=False HTTP/1.1" 200 411
2025-09-09 16:17:35,291 [DEBUG] [app.routes.auth] Login attempt for email: johndoe1@example.com
2025-09-09 16:17:35,294 [DEBUG] [app.services.user] Keycloak auth attempt for username=johndoe1@example.com
2025-09-09 16:17:35,296 [DEBUG] [urllib3.connectionpool] Starting new HTTPS connection (1): auth.giggle.global:443
2025-09-09 16:17:35,537 [DEBUG] [urllib3.connectionpool] https://auth.giggle.global:443 "POST /realms/giggle/protocol/openid-connect/token HTTP/1.1" 200 1902
2025-09-09 16:17:35,539 [DEBUG] [urllib3.connectionpool] Starting new HTTPS connection (1): auth.giggle.global:443
2025-09-09 16:17:35,885 [DEBUG] [urllib3.connectionpool] https://auth.giggle.global:443 "POST /realms/giggle/protocol/openid-connect/token HTTP/1.1" 200 2227
2025-09-09 16:17:35,886 [INFO] [app.services.user] Login success for username=johndoe1@example.com
2025-09-09 16:17:35,886 [INFO] [app.routes.auth] Login successful for email: johndoe1@example.com
2025-09-09 16:17:35,887 [DEBUG] [urllib3.connectionpool] Resetting dropped connection: auth.giggle.global
2025-09-09 16:17:36,067 [DEBUG] [urllib3.connectionpool] https://auth.giggle.global:443 "GET /realms/giggle HTTP/1.1" 200 600
2025-09-09 16:17:36,068 [DEBUG] [urllib3.util.retry] Converted retries value: 1 -> Retry(total=1, connect=None, read=None, redirect=None, status=None)
2025-09-09 16:17:36,068 [DEBUG] [urllib3.util.retry] Converted retries value: 1 -> Retry(total=1, connect=None, read=None, redirect=None, status=None)
2025-09-09 16:17:36,092 [DEBUG] [urllib3.util.retry] Converted retries value: 1 -> Retry(total=1, connect=None, read=None, redirect=None, status=None)
2025-09-09 16:17:36,092 [DEBUG] [urllib3.util.retry] Converted retries value: 1 -> Retry(total=1, connect=None, read=None, redirect=None, status=None)
2025-09-09 16:17:36,109 [DEBUG] [urllib3.connectionpool] Starting new HTTPS connection (1): auth.giggle.global:443
2025-09-09 16:17:36,237 [DEBUG] [urllib3.connectionpool] https://auth.giggle.global:443 "POST /realms/giggle/protocol/openid-connect/token HTTP/1.1" 200 2938
2025-09-09 16:17:36,239 [DEBUG] [urllib3.connectionpool] Starting new HTTPS connection (1): auth.giggle.global:443
2025-09-09 16:17:36,361 [DEBUG] [urllib3.connectionpool] https://auth.giggle.global:443 "GET /admin/realms/giggle/users/6bab27f1-ac5f-48b8-9ac4-1bc8b478f86e?userProfileMetadata=False HTTP/1.1" 200 412
2025-09-09 16:17:36,395 [DEBUG] [app.routes.auth] User details fetched: {'username': 'john_doe', 'email': 'johndoe1@example.com', 'phone_number': '+919876543211', 'role': 'CL', 'first_name': 'John', 'last_name': 'Doe', 'status': 'ACTIVE', 'keycloak_id': '6bab27f1-ac5f-48b8-9ac4-1bc8b478f86e', 'user_id': '59a9cc4f-a155-4a7e-bad3-d69522bfeef5', 'signup_token': None}
2025-09-09 16:18:13,702 [DEBUG] [urllib3.connectionpool] https://auth.giggle.global:443 "GET /realms/giggle HTTP/1.1" 200 600
2025-09-09 16:18:13,703 [DEBUG] [urllib3.util.retry] Converted retries value: 1 -> Retry(total=1, connect=None, read=None, redirect=None, status=None)
2025-09-09 16:18:13,703 [DEBUG] [urllib3.util.retry] Converted retries value: 1 -> Retry(total=1, connect=None, read=None, redirect=None, status=None)
2025-09-09 16:18:13,716 [DEBUG] [urllib3.util.retry] Converted retries value: 1 -> Retry(total=1, connect=None, read=None, redirect=None, status=None)
2025-09-09 16:18:13,716 [DEBUG] [urllib3.util.retry] Converted retries value: 1 -> Retry(total=1, connect=None, read=None, redirect=None, status=None)
2025-09-09 16:18:13,734 [DEBUG] [urllib3.connectionpool] Starting new HTTPS connection (1): auth.giggle.global:443
2025-09-09 16:18:13,861 [DEBUG] [urllib3.connectionpool] https://auth.giggle.global:443 "POST /realms/giggle/protocol/openid-connect/token HTTP/1.1" 200 2938
2025-09-09 16:18:13,863 [DEBUG] [urllib3.connectionpool] Starting new HTTPS connection (1): auth.giggle.global:443
2025-09-09 16:18:13,988 [DEBUG] [urllib3.connectionpool] https://auth.giggle.global:443 "GET /admin/realms/giggle/users/6bab27f1-ac5f-48b8-9ac4-1bc8b478f86e?userProfileMetadata=False HTTP/1.1" 200 412
2025-09-09 16:18:27,443 [DEBUG] [urllib3.connectionpool] https://auth.giggle.global:443 "GET /realms/giggle HTTP/1.1" 200 600
2025-09-09 16:18:27,443 [DEBUG] [urllib3.util.retry] Converted retries value: 1 -> Retry(total=1, connect=None, read=None, redirect=None, status=None)
2025-09-09 16:18:27,443 [DEBUG] [urllib3.util.retry] Converted retries value: 1 -> Retry(total=1, connect=None, read=None, redirect=None, status=None)
2025-09-09 16:18:27,456 [DEBUG] [urllib3.util.retry] Converted retries value: 1 -> Retry(total=1, connect=None, read=None, redirect=None, status=None)
2025-09-09 16:18:27,456 [DEBUG] [urllib3.util.retry] Converted retries value: 1 -> Retry(total=1, connect=None, read=None, redirect=None, status=None)
2025-09-09 16:18:27,476 [DEBUG] [urllib3.connectionpool] Starting new HTTPS connection (1): auth.giggle.global:443
2025-09-09 16:18:27,605 [DEBUG] [urllib3.connectionpool] https://auth.giggle.global:443 "POST /realms/giggle/protocol/openid-connect/token HTTP/1.1" 200 2938
2025-09-09 16:18:27,607 [DEBUG] [urllib3.connectionpool] Starting new HTTPS connection (1): auth.giggle.global:443
2025-09-09 16:18:27,730 [DEBUG] [urllib3.connectionpool] https://auth.giggle.global:443 "GET /admin/realms/giggle/users/6bab27f1-ac5f-48b8-9ac4-1bc8b478f86e?userProfileMetadata=False HTTP/1.1" 200 412
2025-09-09 16:20:34,287 [DEBUG] [urllib3.connectionpool] Resetting dropped connection: auth.giggle.global
2025-09-09 16:20:34,670 [DEBUG] [urllib3.connectionpool] https://auth.giggle.global:443 "GET /realms/giggle HTTP/1.1" 200 600
2025-09-09 16:20:34,671 [DEBUG] [urllib3.util.retry] Converted retries value: 1 -> Retry(total=1, connect=None, read=None, redirect=None, status=None)
2025-09-09 16:20:34,671 [DEBUG] [urllib3.util.retry] Converted retries value: 1 -> Retry(total=1, connect=None, read=None, redirect=None, status=None)
2025-09-09 16:20:34,696 [DEBUG] [urllib3.util.retry] Converted retries value: 1 -> Retry(total=1, connect=None, read=None, redirect=None, status=None)
2025-09-09 16:20:34,697 [DEBUG] [urllib3.util.retry] Converted retries value: 1 -> Retry(total=1, connect=None, read=None, redirect=None, status=None)
2025-09-09 16:20:34,709 [DEBUG] [urllib3.connectionpool] Starting new HTTPS connection (1): auth.giggle.global:443
2025-09-09 16:20:34,935 [DEBUG] [urllib3.connectionpool] https://auth.giggle.global:443 "POST /realms/giggle/protocol/openid-connect/token HTTP/1.1" 200 2938
2025-09-09 16:20:34,937 [DEBUG] [urllib3.connectionpool] Starting new HTTPS connection (1): auth.giggle.global:443
2025-09-09 16:20:35,187 [DEBUG] [urllib3.connectionpool] https://auth.giggle.global:443 "GET /admin/realms/giggle/users/6bab27f1-ac5f-48b8-9ac4-1bc8b478f86e?userProfileMetadata=False HTTP/1.1" 200 412
2025-09-09 16:21:38,677 [DEBUG] [urllib3.connectionpool] https://auth.giggle.global:443 "GET /realms/giggle HTTP/1.1" 200 600
2025-09-09 16:21:38,678 [DEBUG] [urllib3.util.retry] Converted retries value: 1 -> Retry(total=1, connect=None, read=None, redirect=None, status=None)
2025-09-09 16:21:38,678 [DEBUG] [urllib3.util.retry] Converted retries value: 1 -> Retry(total=1, connect=None, read=None, redirect=None, status=None)
2025-09-09 16:21:38,690 [DEBUG] [urllib3.util.retry] Converted retries value: 1 -> Retry(total=1, connect=None, read=None, redirect=None, status=None)
2025-09-09 16:21:38,690 [DEBUG] [urllib3.util.retry] Converted retries value: 1 -> Retry(total=1, connect=None, read=None, redirect=None, status=None)
2025-09-09 16:21:38,710 [DEBUG] [urllib3.connectionpool] Starting new HTTPS connection (1): auth.giggle.global:443
2025-09-09 16:21:38,832 [DEBUG] [urllib3.connectionpool] https://auth.giggle.global:443 "POST /realms/giggle/protocol/openid-connect/token HTTP/1.1" 200 2938
2025-09-09 16:21:38,834 [DEBUG] [urllib3.connectionpool] Starting new HTTPS connection (1): auth.giggle.global:443
2025-09-09 16:21:38,960 [DEBUG] [urllib3.connectionpool] https://auth.giggle.global:443 "GET /admin/realms/giggle/users/6bab27f1-ac5f-48b8-9ac4-1bc8b478f86e?userProfileMetadata=False HTTP/1.1" 200 412
2025-09-09 16:22:30,268 [DEBUG] [urllib3.connectionpool] https://auth.giggle.global:443 "GET /realms/giggle HTTP/1.1" 200 600
2025-09-09 16:22:30,268 [DEBUG] [urllib3.util.retry] Converted retries value: 1 -> Retry(total=1, connect=None, read=None, redirect=None, status=None)
2025-09-09 16:22:30,268 [DEBUG] [urllib3.util.retry] Converted retries value: 1 -> Retry(total=1, connect=None, read=None, redirect=None, status=None)
2025-09-09 16:22:30,280 [DEBUG] [urllib3.util.retry] Converted retries value: 1 -> Retry(total=1, connect=None, read=None, redirect=None, status=None)
2025-09-09 16:22:30,280 [DEBUG] [urllib3.util.retry] Converted retries value: 1 -> Retry(total=1, connect=None, read=None, redirect=None, status=None)
2025-09-09 16:22:30,294 [DEBUG] [urllib3.connectionpool] Starting new HTTPS connection (1): auth.giggle.global:443
2025-09-09 16:22:30,423 [DEBUG] [urllib3.connectionpool] https://auth.giggle.global:443 "POST /realms/giggle/protocol/openid-connect/token HTTP/1.1" 200 2938
2025-09-09 16:22:30,425 [DEBUG] [urllib3.connectionpool] Starting new HTTPS connection (1): auth.giggle.global:443
2025-09-09 16:22:30,545 [DEBUG] [urllib3.connectionpool] https://auth.giggle.global:443 "GET /admin/realms/giggle/users/6bab27f1-ac5f-48b8-9ac4-1bc8b478f86e?userProfileMetadata=False HTTP/1.1" 200 412
2025-09-09 16:22:50,816 [DEBUG] [urllib3.connectionpool] https://auth.giggle.global:443 "GET /realms/giggle HTTP/1.1" 200 600
2025-09-09 16:22:50,817 [DEBUG] [urllib3.util.retry] Converted retries value: 1 -> Retry(total=1, connect=None, read=None, redirect=None, status=None)
2025-09-09 16:22:50,817 [DEBUG] [urllib3.util.retry] Converted retries value: 1 -> Retry(total=1, connect=None, read=None, redirect=None, status=None)
2025-09-09 16:22:50,840 [DEBUG] [urllib3.util.retry] Converted retries value: 1 -> Retry(total=1, connect=None, read=None, redirect=None, status=None)
2025-09-09 16:22:50,840 [DEBUG] [urllib3.util.retry] Converted retries value: 1 -> Retry(total=1, connect=None, read=None, redirect=None, status=None)
2025-09-09 16:22:50,857 [DEBUG] [urllib3.connectionpool] Starting new HTTPS connection (1): auth.giggle.global:443
2025-09-09 16:22:51,032 [DEBUG] [urllib3.connectionpool] https://auth.giggle.global:443 "POST /realms/giggle/protocol/openid-connect/token HTTP/1.1" 200 2938
2025-09-09 16:22:51,035 [DEBUG] [urllib3.connectionpool] Starting new HTTPS connection (1): auth.giggle.global:443
2025-09-09 16:22:51,142 [DEBUG] [urllib3.connectionpool] https://auth.giggle.global:443 "GET /admin/realms/giggle/users/6bab27f1-ac5f-48b8-9ac4-1bc8b478f86e?userProfileMetadata=False HTTP/1.1" 200 412
2025-09-09 16:23:43,469 [DEBUG] [urllib3.connectionpool] https://auth.giggle.global:443 "GET /realms/giggle HTTP/1.1" 200 600
2025-09-09 16:23:43,470 [DEBUG] [urllib3.util.retry] Converted retries value: 1 -> Retry(total=1, connect=None, read=None, redirect=None, status=None)
2025-09-09 16:23:43,470 [DEBUG] [urllib3.util.retry] Converted retries value: 1 -> Retry(total=1, connect=None, read=None, redirect=None, status=None)
2025-09-09 16:23:43,481 [DEBUG] [urllib3.util.retry] Converted retries value: 1 -> Retry(total=1, connect=None, read=None, redirect=None, status=None)
2025-09-09 16:23:43,481 [DEBUG] [urllib3.util.retry] Converted retries value: 1 -> Retry(total=1, connect=None, read=None, redirect=None, status=None)
2025-09-09 16:23:43,496 [DEBUG] [urllib3.connectionpool] Starting new HTTPS connection (1): auth.giggle.global:443
2025-09-09 16:23:43,695 [DEBUG] [urllib3.connectionpool] https://auth.giggle.global:443 "POST /realms/giggle/protocol/openid-connect/token HTTP/1.1" 200 2938
2025-09-09 16:23:43,696 [DEBUG] [urllib3.connectionpool] Starting new HTTPS connection (1): auth.giggle.global:443
2025-09-09 16:23:43,828 [DEBUG] [urllib3.connectionpool] https://auth.giggle.global:443 "GET /admin/realms/giggle/users/6bab27f1-ac5f-48b8-9ac4-1bc8b478f86e?userProfileMetadata=False HTTP/1.1" 200 412
2025-09-09 16:23:49,906 [DEBUG] [urllib3.connectionpool] https://auth.giggle.global:443 "GET /realms/giggle HTTP/1.1" 200 600
2025-09-09 16:23:49,907 [DEBUG] [urllib3.util.retry] Converted retries value: 1 -> Retry(total=1, connect=None, read=None, redirect=None, status=None)
2025-09-09 16:23:49,907 [DEBUG] [urllib3.util.retry] Converted retries value: 1 -> Retry(total=1, connect=None, read=None, redirect=None, status=None)
2025-09-09 16:23:49,929 [DEBUG] [urllib3.util.retry] Converted retries value: 1 -> Retry(total=1, connect=None, read=None, redirect=None, status=None)
2025-09-09 16:23:49,929 [DEBUG] [urllib3.util.retry] Converted retries value: 1 -> Retry(total=1, connect=None, read=None, redirect=None, status=None)
2025-09-09 16:23:49,944 [DEBUG] [urllib3.connectionpool] Starting new HTTPS connection (1): auth.giggle.global:443
2025-09-09 16:23:50,202 [DEBUG] [urllib3.connectionpool] https://auth.giggle.global:443 "POST /realms/giggle/protocol/openid-connect/token HTTP/1.1" 200 2938
2025-09-09 16:23:50,204 [DEBUG] [urllib3.connectionpool] Starting new HTTPS connection (1): auth.giggle.global:443
2025-09-09 16:23:50,487 [DEBUG] [urllib3.connectionpool] https://auth.giggle.global:443 "GET /admin/realms/giggle/users/6bab27f1-ac5f-48b8-9ac4-1bc8b478f86e?userProfileMetadata=False HTTP/1.1" 200 412
2025-09-09 16:24:06,745 [DEBUG] [urllib3.connectionpool] https://auth.giggle.global:443 "GET /realms/giggle HTTP/1.1" 200 600
2025-09-09 16:24:06,746 [DEBUG] [urllib3.util.retry] Converted retries value: 1 -> Retry(total=1, connect=None, read=None, redirect=None, status=None)
2025-09-09 16:24:06,746 [DEBUG] [urllib3.util.retry] Converted retries value: 1 -> Retry(total=1, connect=None, read=None, redirect=None, status=None)
2025-09-09 16:24:06,760 [DEBUG] [urllib3.util.retry] Converted retries value: 1 -> Retry(total=1, connect=None, read=None, redirect=None, status=None)
2025-09-09 16:24:06,760 [DEBUG] [urllib3.util.retry] Converted retries value: 1 -> Retry(total=1, connect=None, read=None, redirect=None, status=None)
2025-09-09 16:24:06,773 [DEBUG] [urllib3.connectionpool] Starting new HTTPS connection (1): auth.giggle.global:443
2025-09-09 16:24:06,998 [DEBUG] [urllib3.connectionpool] https://auth.giggle.global:443 "POST /realms/giggle/protocol/openid-connect/token HTTP/1.1" 200 2938
2025-09-09 16:24:07,000 [DEBUG] [urllib3.connectionpool] Starting new HTTPS connection (1): auth.giggle.global:443
2025-09-09 16:24:07,189 [DEBUG] [urllib3.connectionpool] https://auth.giggle.global:443 "GET /admin/realms/giggle/users/6bab27f1-ac5f-48b8-9ac4-1bc8b478f86e?userProfileMetadata=False HTTP/1.1" 200 412
2025-09-09 16:24:34,550 [DEBUG] [app.routes.auth] Login attempt for email: johndoe@example.com
2025-09-09 16:24:34,554 [DEBUG] [app.services.user] Keycloak auth attempt for username=johndoe@example.com
2025-09-09 16:24:34,556 [DEBUG] [urllib3.connectionpool] Starting new HTTPS connection (1): auth.giggle.global:443
2025-09-09 16:24:34,866 [DEBUG] [urllib3.connectionpool] https://auth.giggle.global:443 "POST /realms/giggle/protocol/openid-connect/token HTTP/1.1" 200 1902
2025-09-09 16:24:34,867 [DEBUG] [urllib3.connectionpool] Starting new HTTPS connection (1): auth.giggle.global:443
2025-09-09 16:24:35,175 [DEBUG] [urllib3.connectionpool] https://auth.giggle.global:443 "POST /realms/giggle/protocol/openid-connect/token HTTP/1.1" 200 2226
2025-09-09 16:24:35,176 [INFO] [app.services.user] Login success for username=johndoe@example.com
2025-09-09 16:24:35,177 [INFO] [app.routes.auth] Login successful for email: johndoe@example.com
2025-09-09 16:24:35,224 [DEBUG] [urllib3.connectionpool] https://auth.giggle.global:443 "GET /realms/giggle HTTP/1.1" 200 600
2025-09-09 16:24:35,225 [DEBUG] [urllib3.util.retry] Converted retries value: 1 -> Retry(total=1, connect=None, read=None, redirect=None, status=None)
2025-09-09 16:24:35,225 [DEBUG] [urllib3.util.retry] Converted retries value: 1 -> Retry(total=1, connect=None, read=None, redirect=None, status=None)
2025-09-09 16:24:35,240 [DEBUG] [urllib3.util.retry] Converted retries value: 1 -> Retry(total=1, connect=None, read=None, redirect=None, status=None)
2025-09-09 16:24:35,240 [DEBUG] [urllib3.util.retry] Converted retries value: 1 -> Retry(total=1, connect=None, read=None, redirect=None, status=None)
2025-09-09 16:24:35,256 [DEBUG] [urllib3.connectionpool] Starting new HTTPS connection (1): auth.giggle.global:443
2025-09-09 16:24:35,481 [DEBUG] [urllib3.connectionpool] https://auth.giggle.global:443 "POST /realms/giggle/protocol/openid-connect/token HTTP/1.1" 200 2938
2025-09-09 16:24:35,483 [DEBUG] [urllib3.connectionpool] Starting new HTTPS connection (1): auth.giggle.global:443
2025-09-09 16:24:35,629 [DEBUG] [urllib3.connectionpool] https://auth.giggle.global:443 "GET /admin/realms/giggle/users/8bde0ee2-2717-4c38-a328-d573a98d1b2a?userProfileMetadata=False HTTP/1.1" 200 411
2025-09-09 16:24:35,673 [DEBUG] [app.routes.auth] User details fetched: {'username': 'johndoe', 'email': 'johndoe@example.com', 'phone_number': '+919876543210', 'role': 'FL', 'first_name': 'John', 'last_name': 'Doe', 'status': 'ACTIVE', 'keycloak_id': '8bde0ee2-2717-4c38-a328-d573a98d1b2a', 'user_id': '5f7f00fc-975b-41b1-af12-42702638a8a6', 'signup_token': 'gyMYfKK5fBCNxf9l4eSUAw', 'skill_set': [{'skill_id': '5e2ed7c1-c39e-4cf1-b18d-0cf60f311422', 'level': 'basic'}, {'skill_id': '2976f086-7237-4d7d-8b44-bea88f597b20', 'level': 'basic'}]}
2025-09-09 16:25:00,733 [DEBUG] [urllib3.connectionpool] https://auth.giggle.global:443 "GET /realms/giggle HTTP/1.1" 200 600
2025-09-09 16:25:00,735 [DEBUG] [urllib3.util.retry] Converted retries value: 1 -> Retry(total=1, connect=None, read=None, redirect=None, status=None)
2025-09-09 16:25:00,735 [DEBUG] [urllib3.util.retry] Converted retries value: 1 -> Retry(total=1, connect=None, read=None, redirect=None, status=None)
2025-09-09 16:25:00,748 [DEBUG] [urllib3.util.retry] Converted retries value: 1 -> Retry(total=1, connect=None, read=None, redirect=None, status=None)
2025-09-09 16:25:00,749 [DEBUG] [urllib3.util.retry] Converted retries value: 1 -> Retry(total=1, connect=None, read=None, redirect=None, status=None)
2025-09-09 16:25:00,767 [DEBUG] [urllib3.connectionpool] Starting new HTTPS connection (1): auth.giggle.global:443
2025-09-09 16:25:00,890 [DEBUG] [urllib3.connectionpool] https://auth.giggle.global:443 "POST /realms/giggle/protocol/openid-connect/token HTTP/1.1" 200 2938
2025-09-09 16:25:00,892 [DEBUG] [urllib3.connectionpool] Starting new HTTPS connection (1): auth.giggle.global:443
2025-09-09 16:25:01,015 [DEBUG] [urllib3.connectionpool] https://auth.giggle.global:443 "GET /admin/realms/giggle/users/8bde0ee2-2717-4c38-a328-d573a98d1b2a?userProfileMetadata=False HTTP/1.1" 200 411
2025-09-09 16:25:14,465 [DEBUG] [urllib3.connectionpool] https://auth.giggle.global:443 "GET /realms/giggle HTTP/1.1" 200 600
2025-09-09 16:25:14,466 [DEBUG] [urllib3.util.retry] Converted retries value: 1 -> Retry(total=1, connect=None, read=None, redirect=None, status=None)
2025-09-09 16:25:14,466 [DEBUG] [urllib3.util.retry] Converted retries value: 1 -> Retry(total=1, connect=None, read=None, redirect=None, status=None)
2025-09-09 16:25:14,478 [DEBUG] [urllib3.util.retry] Converted retries value: 1 -> Retry(total=1, connect=None, read=None, redirect=None, status=None)
2025-09-09 16:25:14,478 [DEBUG] [urllib3.util.retry] Converted retries value: 1 -> Retry(total=1, connect=None, read=None, redirect=None, status=None)
2025-09-09 16:25:14,496 [DEBUG] [urllib3.connectionpool] Starting new HTTPS connection (1): auth.giggle.global:443
2025-09-09 16:25:14,621 [DEBUG] [urllib3.connectionpool] https://auth.giggle.global:443 "POST /realms/giggle/protocol/openid-connect/token HTTP/1.1" 200 2938
2025-09-09 16:25:14,623 [DEBUG] [urllib3.connectionpool] Starting new HTTPS connection (1): auth.giggle.global:443
2025-09-09 16:25:14,811 [DEBUG] [urllib3.connectionpool] https://auth.giggle.global:443 "GET /admin/realms/giggle/users/8bde0ee2-2717-4c38-a328-d573a98d1b2a?userProfileMetadata=False HTTP/1.1" 200 411
2025-09-09 16:25:56,283 [INFO] [app.main] App started
2025-09-09 16:25:57,453 [INFO] [app.services.user] Root user already exists: email=deepak@keydraft.com
2025-09-09 16:29:35,003 [INFO] [app.main] App started
2025-09-09 16:29:36,199 [INFO] [app.services.user] Root user already exists: email=deepak@keydraft.com
2025-09-09 16:29:49,810 [DEBUG] [app.routes.auth] Login attempt for email: johndoe@example.com
2025-09-09 16:29:49,810 [DEBUG] [app.services.user] Keycloak auth attempt for username=johndoe@example.com
2025-09-09 16:29:49,812 [DEBUG] [urllib3.connectionpool] Starting new HTTPS connection (1): auth.giggle.global:443
2025-09-09 16:29:49,969 [DEBUG] [urllib3.connectionpool] https://auth.giggle.global:443 "POST /realms/giggle/protocol/openid-connect/token HTTP/1.1" 200 1902
2025-09-09 16:29:49,971 [DEBUG] [urllib3.connectionpool] Starting new HTTPS connection (1): auth.giggle.global:443
2025-09-09 16:29:50,318 [DEBUG] [urllib3.connectionpool] https://auth.giggle.global:443 "POST /realms/giggle/protocol/openid-connect/token HTTP/1.1" 200 2226
2025-09-09 16:29:50,319 [INFO] [app.services.user] Login success for username=johndoe@example.com
2025-09-09 16:29:50,320 [INFO] [app.routes.auth] Login successful for email: johndoe@example.com
2025-09-09 16:29:50,321 [DEBUG] [urllib3.connectionpool] Starting new HTTPS connection (1): auth.giggle.global:443
2025-09-09 16:29:50,499 [DEBUG] [urllib3.connectionpool] https://auth.giggle.global:443 "GET /realms/giggle HTTP/1.1" 200 600
2025-09-09 16:29:50,503 [DEBUG] [urllib3.util.retry] Converted retries value: 1 -> Retry(total=1, connect=None, read=None, redirect=None, status=None)
2025-09-09 16:29:50,503 [DEBUG] [urllib3.util.retry] Converted retries value: 1 -> Retry(total=1, connect=None, read=None, redirect=None, status=None)
2025-09-09 16:29:50,529 [DEBUG] [urllib3.util.retry] Converted retries value: 1 -> Retry(total=1, connect=None, read=None, redirect=None, status=None)
2025-09-09 16:29:50,529 [DEBUG] [urllib3.util.retry] Converted retries value: 1 -> Retry(total=1, connect=None, read=None, redirect=None, status=None)
2025-09-09 16:29:50,548 [DEBUG] [urllib3.connectionpool] Starting new HTTPS connection (1): auth.giggle.global:443
2025-09-09 16:29:50,669 [DEBUG] [urllib3.connectionpool] https://auth.giggle.global:443 "POST /realms/giggle/protocol/openid-connect/token HTTP/1.1" 200 2938
2025-09-09 16:29:50,671 [DEBUG] [urllib3.connectionpool] Starting new HTTPS connection (1): auth.giggle.global:443
2025-09-09 16:29:50,770 [DEBUG] [urllib3.connectionpool] https://auth.giggle.global:443 "GET /admin/realms/giggle/users/8bde0ee2-2717-4c38-a328-d573a98d1b2a?userProfileMetadata=False HTTP/1.1" 200 411
2025-09-09 16:29:50,811 [DEBUG] [app.routes.auth] User details fetched: {'username': 'johndoe', 'email': 'johndoe@example.com', 'phone_number': '+919876543210', 'role': 'FL', 'first_name': 'John', 'last_name': 'Doe', 'status': 'ACTIVE', 'keycloak_id': '8bde0ee2-2717-4c38-a328-d573a98d1b2a', 'user_id': '5f7f00fc-975b-41b1-af12-42702638a8a6', 'signup_token': 'gyMYfKK5fBCNxf9l4eSUAw', 'skill_set': [{'skill_id': '5e2ed7c1-c39e-4cf1-b18d-0cf60f311422', 'level': 'basic'}, {'skill_id': '2976f086-7237-4d7d-8b44-bea88f597b20', 'level': 'basic'}]}
2025-09-09 16:30:17,924 [DEBUG] [urllib3.connectionpool] https://auth.giggle.global:443 "GET /realms/giggle HTTP/1.1" 200 600
2025-09-09 16:30:17,925 [DEBUG] [urllib3.util.retry] Converted retries value: 1 -> Retry(total=1, connect=None, read=None, redirect=None, status=None)
2025-09-09 16:30:17,925 [DEBUG] [urllib3.util.retry] Converted retries value: 1 -> Retry(total=1, connect=None, read=None, redirect=None, status=None)
2025-09-09 16:30:17,937 [DEBUG] [urllib3.util.retry] Converted retries value: 1 -> Retry(total=1, connect=None, read=None, redirect=None, status=None)
2025-09-09 16:30:17,937 [DEBUG] [urllib3.util.retry] Converted retries value: 1 -> Retry(total=1, connect=None, read=None, redirect=None, status=None)
2025-09-09 16:30:17,956 [DEBUG] [urllib3.connectionpool] Starting new HTTPS connection (1): auth.giggle.global:443
2025-09-09 16:30:18,144 [DEBUG] [urllib3.connectionpool] https://auth.giggle.global:443 "POST /realms/giggle/protocol/openid-connect/token HTTP/1.1" 200 2938
2025-09-09 16:30:18,147 [DEBUG] [urllib3.connectionpool] Starting new HTTPS connection (1): auth.giggle.global:443
2025-09-09 16:30:18,271 [DEBUG] [urllib3.connectionpool] https://auth.giggle.global:443 "GET /admin/realms/giggle/users/8bde0ee2-2717-4c38-a328-d573a98d1b2a?userProfileMetadata=False HTTP/1.1" 200 411
2025-09-09 16:30:43,234 [INFO] [app.main] App started
2025-09-09 16:30:44,386 [INFO] [app.services.user] Root user already exists: email=deepak@keydraft.com
2025-09-09 16:30:48,357 [DEBUG] [urllib3.connectionpool] Starting new HTTPS connection (1): auth.giggle.global:443
2025-09-09 16:30:48,486 [DEBUG] [urllib3.connectionpool] https://auth.giggle.global:443 "GET /realms/giggle HTTP/1.1" 200 600
2025-09-09 16:30:48,490 [DEBUG] [urllib3.util.retry] Converted retries value: 1 -> Retry(total=1, connect=None, read=None, redirect=None, status=None)
2025-09-09 16:30:48,490 [DEBUG] [urllib3.util.retry] Converted retries value: 1 -> Retry(total=1, connect=None, read=None, redirect=None, status=None)
2025-09-09 16:30:48,518 [DEBUG] [urllib3.util.retry] Converted retries value: 1 -> Retry(total=1, connect=None, read=None, redirect=None, status=None)
2025-09-09 16:30:48,518 [DEBUG] [urllib3.util.retry] Converted retries value: 1 -> Retry(total=1, connect=None, read=None, redirect=None, status=None)
2025-09-09 16:30:48,531 [DEBUG] [urllib3.connectionpool] Starting new HTTPS connection (1): auth.giggle.global:443
2025-09-09 16:30:48,659 [DEBUG] [urllib3.connectionpool] https://auth.giggle.global:443 "POST /realms/giggle/protocol/openid-connect/token HTTP/1.1" 200 2938
2025-09-09 16:30:48,661 [DEBUG] [urllib3.connectionpool] Starting new HTTPS connection (1): auth.giggle.global:443
2025-09-09 16:30:48,782 [DEBUG] [urllib3.connectionpool] https://auth.giggle.global:443 "GET /admin/realms/giggle/users/8bde0ee2-2717-4c38-a328-d573a98d1b2a?userProfileMetadata=False HTTP/1.1" 200 411
2025-09-09 16:43:59,752 [INFO] [app.main] App started
2025-09-09 16:44:00,911 [INFO] [app.services.user] Root user already exists: email=deepak@keydraft.com
2025-09-09 16:44:58,340 [INFO] [app.main] App started
2025-09-09 16:44:59,513 [INFO] [app.services.user] Root user already exists: email=deepak@keydraft.com
2025-09-09 16:45:27,965 [DEBUG] [urllib3.connectionpool] Starting new HTTPS connection (1): auth.giggle.global:443
2025-09-09 16:45:28,202 [DEBUG] [urllib3.connectionpool] https://auth.giggle.global:443 "GET /realms/giggle HTTP/1.1" 200 600
2025-09-09 16:45:28,206 [DEBUG] [urllib3.util.retry] Converted retries value: 1 -> Retry(total=1, connect=None, read=None, redirect=None, status=None)
2025-09-09 16:45:28,207 [DEBUG] [urllib3.util.retry] Converted retries value: 1 -> Retry(total=1, connect=None, read=None, redirect=None, status=None)
2025-09-09 16:45:28,234 [DEBUG] [urllib3.util.retry] Converted retries value: 1 -> Retry(total=1, connect=None, read=None, redirect=None, status=None)
2025-09-09 16:45:28,234 [DEBUG] [urllib3.util.retry] Converted retries value: 1 -> Retry(total=1, connect=None, read=None, redirect=None, status=None)
2025-09-09 16:45:28,247 [DEBUG] [urllib3.connectionpool] Starting new HTTPS connection (1): auth.giggle.global:443
2025-09-09 16:45:28,393 [DEBUG] [urllib3.connectionpool] https://auth.giggle.global:443 "POST /realms/giggle/protocol/openid-connect/token HTTP/1.1" 200 2938
2025-09-09 16:45:28,395 [DEBUG] [urllib3.connectionpool] Starting new HTTPS connection (1): auth.giggle.global:443
2025-09-09 16:45:28,620 [DEBUG] [urllib3.connectionpool] https://auth.giggle.global:443 "GET /admin/realms/giggle/users/8bde0ee2-2717-4c38-a328-d573a98d1b2a?userProfileMetadata=False HTTP/1.1" 200 411
2025-09-09 16:47:03,660 [INFO] [app.main] App started
2025-09-09 16:47:04,926 [INFO] [app.services.user] Root user already exists: email=deepak@keydraft.com
2025-09-09 16:47:10,552 [DEBUG] [urllib3.connectionpool] Starting new HTTPS connection (1): auth.giggle.global:443
2025-09-09 16:47:10,743 [DEBUG] [urllib3.connectionpool] https://auth.giggle.global:443 "GET /realms/giggle HTTP/1.1" 200 600
2025-09-09 16:47:10,747 [DEBUG] [urllib3.util.retry] Converted retries value: 1 -> Retry(total=1, connect=None, read=None, redirect=None, status=None)
2025-09-09 16:47:10,748 [DEBUG] [urllib3.util.retry] Converted retries value: 1 -> Retry(total=1, connect=None, read=None, redirect=None, status=None)
2025-09-09 16:47:10,774 [DEBUG] [urllib3.util.retry] Converted retries value: 1 -> Retry(total=1, connect=None, read=None, redirect=None, status=None)
2025-09-09 16:47:10,774 [DEBUG] [urllib3.util.retry] Converted retries value: 1 -> Retry(total=1, connect=None, read=None, redirect=None, status=None)
2025-09-09 16:47:10,787 [DEBUG] [urllib3.connectionpool] Starting new HTTPS connection (1): auth.giggle.global:443
2025-09-09 16:47:10,928 [DEBUG] [urllib3.connectionpool] https://auth.giggle.global:443 "POST /realms/giggle/protocol/openid-connect/token HTTP/1.1" 200 2938
2025-09-09 16:47:10,930 [DEBUG] [urllib3.connectionpool] Starting new HTTPS connection (1): auth.giggle.global:443
2025-09-09 16:47:11,061 [DEBUG] [urllib3.connectionpool] https://auth.giggle.global:443 "GET /admin/realms/giggle/users/8bde0ee2-2717-4c38-a328-d573a98d1b2a?userProfileMetadata=False HTTP/1.1" 200 411
2025-09-09 17:06:37,086 [INFO] [app.main] App started
2025-09-09 17:06:38,247 [INFO] [app.services.user] Root user already exists: email=deepak@keydraft.com
2025-09-09 17:06:42,272 [DEBUG] [urllib3.connectionpool] Starting new HTTPS connection (1): auth.giggle.global:443
2025-09-09 17:06:42,482 [DEBUG] [urllib3.connectionpool] https://auth.giggle.global:443 "GET /realms/giggle HTTP/1.1" 200 600
2025-09-09 17:06:42,527 [ERROR] [ASMP] - MESSAGE: Invalid or expired token - PID: 352814 - FILE: /home/deepak/Desktop/Deepak/Projects/giggle_services/app/core/keycloak.py:get_current_user 
2025-09-09 17:06:58,877 [DEBUG] [app.routes.auth] Login attempt for email: johndoe@example.com
2025-09-09 17:06:58,877 [DEBUG] [app.services.user] Keycloak auth attempt for username=johndoe@example.com
2025-09-09 17:06:58,879 [DEBUG] [urllib3.connectionpool] Starting new HTTPS connection (1): auth.giggle.global:443
2025-09-09 17:06:59,076 [DEBUG] [urllib3.connectionpool] https://auth.giggle.global:443 "POST /realms/giggle/protocol/openid-connect/token HTTP/1.1" 200 1902
2025-09-09 17:06:59,078 [DEBUG] [urllib3.connectionpool] Starting new HTTPS connection (1): auth.giggle.global:443
2025-09-09 17:06:59,314 [DEBUG] [urllib3.connectionpool] https://auth.giggle.global:443 "POST /realms/giggle/protocol/openid-connect/token HTTP/1.1" 200 2226
2025-09-09 17:06:59,315 [INFO] [app.services.user] Login success for username=johndoe@example.com
2025-09-09 17:06:59,316 [INFO] [app.routes.auth] Login successful for email: johndoe@example.com
2025-09-09 17:06:59,344 [DEBUG] [urllib3.connectionpool] https://auth.giggle.global:443 "GET /realms/giggle HTTP/1.1" 200 600
2025-09-09 17:06:59,344 [DEBUG] [urllib3.util.retry] Converted retries value: 1 -> Retry(total=1, connect=None, read=None, redirect=None, status=None)
2025-09-09 17:06:59,344 [DEBUG] [urllib3.util.retry] Converted retries value: 1 -> Retry(total=1, connect=None, read=None, redirect=None, status=None)
2025-09-09 17:06:59,357 [DEBUG] [urllib3.util.retry] Converted retries value: 1 -> Retry(total=1, connect=None, read=None, redirect=None, status=None)
2025-09-09 17:06:59,358 [DEBUG] [urllib3.util.retry] Converted retries value: 1 -> Retry(total=1, connect=None, read=None, redirect=None, status=None)
2025-09-09 17:06:59,375 [DEBUG] [urllib3.connectionpool] Starting new HTTPS connection (1): auth.giggle.global:443
2025-09-09 17:06:59,570 [DEBUG] [urllib3.connectionpool] https://auth.giggle.global:443 "POST /realms/giggle/protocol/openid-connect/token HTTP/1.1" 200 2938
2025-09-09 17:06:59,573 [DEBUG] [urllib3.connectionpool] Starting new HTTPS connection (1): auth.giggle.global:443
2025-09-09 17:06:59,784 [DEBUG] [urllib3.connectionpool] https://auth.giggle.global:443 "GET /admin/realms/giggle/users/8bde0ee2-2717-4c38-a328-d573a98d1b2a?userProfileMetadata=False HTTP/1.1" 200 411
2025-09-09 17:06:59,819 [DEBUG] [app.routes.auth] User details fetched: {'username': 'johndoe', 'email': 'johndoe@example.com', 'phone_number': '+919876543210', 'role': 'FL', 'first_name': 'John', 'last_name': 'Doe', 'status': 'ACTIVE', 'keycloak_id': '8bde0ee2-2717-4c38-a328-d573a98d1b2a', 'user_id': '5f7f00fc-975b-41b1-af12-42702638a8a6', 'signup_token': 'gyMYfKK5fBCNxf9l4eSUAw', 'skill_set': [{'skill_id': '5e2ed7c1-c39e-4cf1-b18d-0cf60f311422', 'level': 'basic'}, {'skill_id': '2976f086-7237-4d7d-8b44-bea88f597b20', 'level': 'basic'}]}
2025-09-09 17:07:16,847 [DEBUG] [urllib3.connectionpool] https://auth.giggle.global:443 "GET /realms/giggle HTTP/1.1" 200 600
2025-09-09 17:07:16,848 [DEBUG] [urllib3.util.retry] Converted retries value: 1 -> Retry(total=1, connect=None, read=None, redirect=None, status=None)
2025-09-09 17:07:16,848 [DEBUG] [urllib3.util.retry] Converted retries value: 1 -> Retry(total=1, connect=None, read=None, redirect=None, status=None)
2025-09-09 17:07:16,859 [DEBUG] [urllib3.util.retry] Converted retries value: 1 -> Retry(total=1, connect=None, read=None, redirect=None, status=None)
2025-09-09 17:07:16,859 [DEBUG] [urllib3.util.retry] Converted retries value: 1 -> Retry(total=1, connect=None, read=None, redirect=None, status=None)
2025-09-09 17:07:16,878 [DEBUG] [urllib3.connectionpool] Starting new HTTPS connection (1): auth.giggle.global:443
2025-09-09 17:07:16,989 [DEBUG] [urllib3.connectionpool] https://auth.giggle.global:443 "POST /realms/giggle/protocol/openid-connect/token HTTP/1.1" 200 2938
2025-09-09 17:07:16,990 [DEBUG] [urllib3.connectionpool] Starting new HTTPS connection (1): auth.giggle.global:443
2025-09-09 17:07:17,119 [DEBUG] [urllib3.connectionpool] https://auth.giggle.global:443 "GET /admin/realms/giggle/users/8bde0ee2-2717-4c38-a328-d573a98d1b2a?userProfileMetadata=False HTTP/1.1" 200 411
2025-09-09 17:07:17,262 [DEBUG] [app.routes.user] Fetching current user: user_id=5f7f00fc-975b-41b1-af12-42702638a8a6
2025-09-09 17:07:17,292 [INFO] [app.routes.user] Fetched current user: user_id=5f7f00fc-975b-41b1-af12-42702638a8a6
2025-09-09 17:07:37,015 [DEBUG] [urllib3.connectionpool] https://auth.giggle.global:443 "GET /realms/giggle HTTP/1.1" 200 600
2025-09-09 17:07:37,016 [DEBUG] [urllib3.util.retry] Converted retries value: 1 -> Retry(total=1, connect=None, read=None, redirect=None, status=None)
2025-09-09 17:07:37,016 [DEBUG] [urllib3.util.retry] Converted retries value: 1 -> Retry(total=1, connect=None, read=None, redirect=None, status=None)
2025-09-09 17:07:37,027 [DEBUG] [urllib3.util.retry] Converted retries value: 1 -> Retry(total=1, connect=None, read=None, redirect=None, status=None)
2025-09-09 17:07:37,027 [DEBUG] [urllib3.util.retry] Converted retries value: 1 -> Retry(total=1, connect=None, read=None, redirect=None, status=None)
2025-09-09 17:07:37,044 [DEBUG] [urllib3.connectionpool] Starting new HTTPS connection (1): auth.giggle.global:443
2025-09-09 17:07:37,165 [DEBUG] [urllib3.connectionpool] https://auth.giggle.global:443 "POST /realms/giggle/protocol/openid-connect/token HTTP/1.1" 200 2938
2025-09-09 17:07:37,167 [DEBUG] [urllib3.connectionpool] Starting new HTTPS connection (1): auth.giggle.global:443
2025-09-09 17:07:37,264 [DEBUG] [urllib3.connectionpool] https://auth.giggle.global:443 "GET /admin/realms/giggle/users/8bde0ee2-2717-4c38-a328-d573a98d1b2a?userProfileMetadata=False HTTP/1.1" 200 411
2025-09-09 17:08:48,346 [INFO] [app.main] App started
2025-09-09 17:08:49,549 [INFO] [app.services.user] Root user already exists: email=deepak@keydraft.com
2025-09-09 17:08:53,010 [DEBUG] [urllib3.connectionpool] Starting new HTTPS connection (1): auth.giggle.global:443
2025-09-09 17:08:53,270 [DEBUG] [urllib3.connectionpool] https://auth.giggle.global:443 "GET /realms/giggle HTTP/1.1" 200 600
2025-09-09 17:08:53,274 [DEBUG] [urllib3.util.retry] Converted retries value: 1 -> Retry(total=1, connect=None, read=None, redirect=None, status=None)
2025-09-09 17:08:53,275 [DEBUG] [urllib3.util.retry] Converted retries value: 1 -> Retry(total=1, connect=None, read=None, redirect=None, status=None)
2025-09-09 17:08:53,296 [DEBUG] [urllib3.util.retry] Converted retries value: 1 -> Retry(total=1, connect=None, read=None, redirect=None, status=None)
2025-09-09 17:08:53,296 [DEBUG] [urllib3.util.retry] Converted retries value: 1 -> Retry(total=1, connect=None, read=None, redirect=None, status=None)
2025-09-09 17:08:53,309 [DEBUG] [urllib3.connectionpool] Starting new HTTPS connection (1): auth.giggle.global:443
2025-09-09 17:08:53,422 [DEBUG] [urllib3.connectionpool] https://auth.giggle.global:443 "POST /realms/giggle/protocol/openid-connect/token HTTP/1.1" 200 2938
2025-09-09 17:08:53,424 [DEBUG] [urllib3.connectionpool] Starting new HTTPS connection (1): auth.giggle.global:443
2025-09-09 17:08:53,538 [DEBUG] [urllib3.connectionpool] https://auth.giggle.global:443 "GET /admin/realms/giggle/users/8bde0ee2-2717-4c38-a328-d573a98d1b2a?userProfileMetadata=False HTTP/1.1" 200 411
2025-09-09 17:09:19,792 [INFO] [app.main] App started
2025-09-09 17:09:20,985 [INFO] [app.services.user] Root user already exists: email=deepak@keydraft.com
2025-09-09 17:09:24,585 [DEBUG] [urllib3.connectionpool] Starting new HTTPS connection (1): auth.giggle.global:443
2025-09-09 17:09:24,696 [DEBUG] [urllib3.connectionpool] https://auth.giggle.global:443 "GET /realms/giggle HTTP/1.1" 200 600
2025-09-09 17:09:24,700 [DEBUG] [urllib3.util.retry] Converted retries value: 1 -> Retry(total=1, connect=None, read=None, redirect=None, status=None)
2025-09-09 17:09:24,700 [DEBUG] [urllib3.util.retry] Converted retries value: 1 -> Retry(total=1, connect=None, read=None, redirect=None, status=None)
2025-09-09 17:09:24,729 [DEBUG] [urllib3.util.retry] Converted retries value: 1 -> Retry(total=1, connect=None, read=None, redirect=None, status=None)
2025-09-09 17:09:24,729 [DEBUG] [urllib3.util.retry] Converted retries value: 1 -> Retry(total=1, connect=None, read=None, redirect=None, status=None)
2025-09-09 17:09:24,743 [DEBUG] [urllib3.connectionpool] Starting new HTTPS connection (1): auth.giggle.global:443
2025-09-09 17:09:24,840 [DEBUG] [urllib3.connectionpool] https://auth.giggle.global:443 "POST /realms/giggle/protocol/openid-connect/token HTTP/1.1" 200 2938
2025-09-09 17:09:24,843 [DEBUG] [urllib3.connectionpool] Starting new HTTPS connection (1): auth.giggle.global:443
2025-09-09 17:09:24,959 [DEBUG] [urllib3.connectionpool] https://auth.giggle.global:443 "GET /admin/realms/giggle/users/8bde0ee2-2717-4c38-a328-d573a98d1b2a?userProfileMetadata=False HTTP/1.1" 200 411
2025-09-09 17:11:54,831 [INFO] [app.main] App started
2025-09-09 17:11:55,989 [INFO] [app.services.user] Root user already exists: email=deepak@keydraft.com
2025-09-09 17:11:58,846 [DEBUG] [urllib3.connectionpool] Starting new HTTPS connection (1): auth.giggle.global:443
2025-09-09 17:11:58,947 [DEBUG] [urllib3.connectionpool] https://auth.giggle.global:443 "GET /realms/giggle HTTP/1.1" 200 600
2025-09-09 17:11:58,951 [DEBUG] [urllib3.util.retry] Converted retries value: 1 -> Retry(total=1, connect=None, read=None, redirect=None, status=None)
2025-09-09 17:11:58,951 [DEBUG] [urllib3.util.retry] Converted retries value: 1 -> Retry(total=1, connect=None, read=None, redirect=None, status=None)
2025-09-09 17:11:58,974 [DEBUG] [urllib3.util.retry] Converted retries value: 1 -> Retry(total=1, connect=None, read=None, redirect=None, status=None)
2025-09-09 17:11:58,974 [DEBUG] [urllib3.util.retry] Converted retries value: 1 -> Retry(total=1, connect=None, read=None, redirect=None, status=None)
2025-09-09 17:11:58,989 [DEBUG] [urllib3.connectionpool] Starting new HTTPS connection (1): auth.giggle.global:443
2025-09-09 17:11:59,093 [DEBUG] [urllib3.connectionpool] https://auth.giggle.global:443 "POST /realms/giggle/protocol/openid-connect/token HTTP/1.1" 200 2938
2025-09-09 17:11:59,095 [DEBUG] [urllib3.connectionpool] Starting new HTTPS connection (1): auth.giggle.global:443
2025-09-09 17:11:59,275 [DEBUG] [urllib3.connectionpool] https://auth.giggle.global:443 "GET /admin/realms/giggle/users/8bde0ee2-2717-4c38-a328-d573a98d1b2a?userProfileMetadata=False HTTP/1.1" 200 411
2025-09-09 17:12:28,745 [DEBUG] [app.routes.auth] Login attempt for email: johndoe1@example.com
2025-09-09 17:12:28,745 [DEBUG] [app.services.user] Keycloak auth attempt for username=johndoe1@example.com
2025-09-09 17:12:28,746 [DEBUG] [urllib3.connectionpool] Starting new HTTPS connection (1): auth.giggle.global:443
2025-09-09 17:12:28,852 [DEBUG] [urllib3.connectionpool] https://auth.giggle.global:443 "POST /realms/giggle/protocol/openid-connect/token HTTP/1.1" 200 1902
2025-09-09 17:12:28,854 [DEBUG] [urllib3.connectionpool] Starting new HTTPS connection (1): auth.giggle.global:443
2025-09-09 17:12:29,091 [DEBUG] [urllib3.connectionpool] https://auth.giggle.global:443 "POST /realms/giggle/protocol/openid-connect/token HTTP/1.1" 200 2227
2025-09-09 17:12:29,092 [INFO] [app.services.user] Login success for username=johndoe1@example.com
2025-09-09 17:12:29,092 [INFO] [app.routes.auth] Login successful for email: johndoe1@example.com
2025-09-09 17:12:29,120 [DEBUG] [urllib3.connectionpool] https://auth.giggle.global:443 "GET /realms/giggle HTTP/1.1" 200 600
2025-09-09 17:12:29,122 [DEBUG] [urllib3.util.retry] Converted retries value: 1 -> Retry(total=1, connect=None, read=None, redirect=None, status=None)
2025-09-09 17:12:29,123 [DEBUG] [urllib3.util.retry] Converted retries value: 1 -> Retry(total=1, connect=None, read=None, redirect=None, status=None)
2025-09-09 17:12:29,168 [DEBUG] [urllib3.util.retry] Converted retries value: 1 -> Retry(total=1, connect=None, read=None, redirect=None, status=None)
2025-09-09 17:12:29,168 [DEBUG] [urllib3.util.retry] Converted retries value: 1 -> Retry(total=1, connect=None, read=None, redirect=None, status=None)
2025-09-09 17:12:29,189 [DEBUG] [urllib3.connectionpool] Starting new HTTPS connection (1): auth.giggle.global:443
2025-09-09 17:12:29,291 [DEBUG] [urllib3.connectionpool] https://auth.giggle.global:443 "POST /realms/giggle/protocol/openid-connect/token HTTP/1.1" 200 2938
2025-09-09 17:12:29,292 [DEBUG] [urllib3.connectionpool] Starting new HTTPS connection (1): auth.giggle.global:443
2025-09-09 17:12:29,475 [DEBUG] [urllib3.connectionpool] https://auth.giggle.global:443 "GET /admin/realms/giggle/users/6bab27f1-ac5f-48b8-9ac4-1bc8b478f86e?userProfileMetadata=False HTTP/1.1" 200 412
2025-09-09 17:12:29,510 [DEBUG] [app.routes.auth] User details fetched: {'username': 'john_doe', 'email': 'johndoe1@example.com', 'phone_number': '+919876543211', 'role': 'CL', 'first_name': 'John', 'last_name': 'Doe', 'status': 'ACTIVE', 'keycloak_id': '6bab27f1-ac5f-48b8-9ac4-1bc8b478f86e', 'user_id': '59a9cc4f-a155-4a7e-bad3-d69522bfeef5', 'signup_token': None}
2025-09-09 17:12:49,730 [DEBUG] [urllib3.connectionpool] https://auth.giggle.global:443 "GET /realms/giggle HTTP/1.1" 200 600
2025-09-09 17:12:49,732 [DEBUG] [urllib3.util.retry] Converted retries value: 1 -> Retry(total=1, connect=None, read=None, redirect=None, status=None)
2025-09-09 17:12:49,732 [DEBUG] [urllib3.util.retry] Converted retries value: 1 -> Retry(total=1, connect=None, read=None, redirect=None, status=None)
2025-09-09 17:12:49,754 [DEBUG] [urllib3.util.retry] Converted retries value: 1 -> Retry(total=1, connect=None, read=None, redirect=None, status=None)
2025-09-09 17:12:49,754 [DEBUG] [urllib3.util.retry] Converted retries value: 1 -> Retry(total=1, connect=None, read=None, redirect=None, status=None)
2025-09-09 17:12:49,772 [DEBUG] [urllib3.connectionpool] Starting new HTTPS connection (1): auth.giggle.global:443
2025-09-09 17:12:50,019 [DEBUG] [urllib3.connectionpool] https://auth.giggle.global:443 "POST /realms/giggle/protocol/openid-connect/token HTTP/1.1" 200 2938
2025-09-09 17:12:50,021 [DEBUG] [urllib3.connectionpool] Starting new HTTPS connection (1): auth.giggle.global:443
2025-09-09 17:12:50,229 [DEBUG] [urllib3.connectionpool] https://auth.giggle.global:443 "GET /admin/realms/giggle/users/6bab27f1-ac5f-48b8-9ac4-1bc8b478f86e?userProfileMetadata=False HTTP/1.1" 200 412
2025-09-09 17:12:50,438 [DEBUG] [app.routes.user] Fetching current user: user_id=59a9cc4f-a155-4a7e-bad3-d69522bfeef5
2025-09-09 17:12:50,515 [INFO] [app.routes.user] Fetched current user: user_id=59a9cc4f-a155-4a7e-bad3-d69522bfeef5
2025-09-09 17:13:13,607 [DEBUG] [urllib3.connectionpool] https://auth.giggle.global:443 "GET /realms/giggle HTTP/1.1" 200 600
2025-09-09 17:13:13,608 [DEBUG] [urllib3.util.retry] Converted retries value: 1 -> Retry(total=1, connect=None, read=None, redirect=None, status=None)
2025-09-09 17:13:13,608 [DEBUG] [urllib3.util.retry] Converted retries value: 1 -> Retry(total=1, connect=None, read=None, redirect=None, status=None)
2025-09-09 17:13:13,623 [DEBUG] [urllib3.util.retry] Converted retries value: 1 -> Retry(total=1, connect=None, read=None, redirect=None, status=None)
2025-09-09 17:13:13,623 [DEBUG] [urllib3.util.retry] Converted retries value: 1 -> Retry(total=1, connect=None, read=None, redirect=None, status=None)
2025-09-09 17:13:13,642 [DEBUG] [urllib3.connectionpool] Starting new HTTPS connection (1): auth.giggle.global:443
2025-09-09 17:13:13,828 [DEBUG] [urllib3.connectionpool] https://auth.giggle.global:443 "POST /realms/giggle/protocol/openid-connect/token HTTP/1.1" 200 2938
2025-09-09 17:13:13,830 [DEBUG] [urllib3.connectionpool] Starting new HTTPS connection (1): auth.giggle.global:443
2025-09-09 17:13:13,946 [DEBUG] [urllib3.connectionpool] https://auth.giggle.global:443 "GET /admin/realms/giggle/users/6bab27f1-ac5f-48b8-9ac4-1bc8b478f86e?userProfileMetadata=False HTTP/1.1" 200 412
2025-09-09 17:46:54,425 [INFO] [app.main] App started
2025-09-09 17:46:55,597 [INFO] [app.services.user] Root user already exists: email=deepak@keydraft.com
2025-09-09 17:47:29,045 [DEBUG] [urllib3.connectionpool] Starting new HTTPS connection (1): auth.giggle.global:443
2025-09-09 17:47:29,170 [DEBUG] [urllib3.connectionpool] https://auth.giggle.global:443 "GET /realms/giggle HTTP/1.1" 200 600
2025-09-09 17:47:29,175 [DEBUG] [urllib3.util.retry] Converted retries value: 1 -> Retry(total=1, connect=None, read=None, redirect=None, status=None)
2025-09-09 17:47:29,175 [DEBUG] [urllib3.util.retry] Converted retries value: 1 -> Retry(total=1, connect=None, read=None, redirect=None, status=None)
2025-09-09 17:47:29,195 [DEBUG] [urllib3.util.retry] Converted retries value: 1 -> Retry(total=1, connect=None, read=None, redirect=None, status=None)
2025-09-09 17:47:29,195 [DEBUG] [urllib3.util.retry] Converted retries value: 1 -> Retry(total=1, connect=None, read=None, redirect=None, status=None)
2025-09-09 17:47:29,214 [DEBUG] [urllib3.connectionpool] Starting new HTTPS connection (1): auth.giggle.global:443
2025-09-09 17:47:29,342 [DEBUG] [urllib3.connectionpool] https://auth.giggle.global:443 "POST /realms/giggle/protocol/openid-connect/token HTTP/1.1" 200 2938
2025-09-09 17:47:29,345 [DEBUG] [urllib3.connectionpool] Starting new HTTPS connection (1): auth.giggle.global:443
2025-09-09 17:47:29,557 [DEBUG] [urllib3.connectionpool] https://auth.giggle.global:443 "GET /admin/realms/giggle/users/8bde0ee2-2717-4c38-a328-d573a98d1b2a?userProfileMetadata=False HTTP/1.1" 200 411
2025-09-09 17:47:29,678 [DEBUG] [app.routes.user] Fetching current user: user_id=5f7f00fc-975b-41b1-af12-42702638a8a6
2025-09-09 17:47:29,705 [INFO] [app.routes.user] Fetched current user: user_id=5f7f00fc-975b-41b1-af12-42702638a8a6
2025-09-09 17:52:07,575 [INFO] [app.main] App started
2025-09-09 17:52:08,712 [INFO] [app.services.user] Root user already exists: email=deepak@keydraft.com
2025-09-09 17:52:15,761 [DEBUG] [urllib3.connectionpool] Starting new HTTPS connection (1): auth.giggle.global:443
2025-09-09 17:52:15,878 [DEBUG] [urllib3.connectionpool] https://auth.giggle.global:443 "GET /realms/giggle HTTP/1.1" 200 600
2025-09-09 17:52:15,881 [DEBUG] [urllib3.util.retry] Converted retries value: 1 -> Retry(total=1, connect=None, read=None, redirect=None, status=None)
2025-09-09 17:52:15,881 [DEBUG] [urllib3.util.retry] Converted retries value: 1 -> Retry(total=1, connect=None, read=None, redirect=None, status=None)
2025-09-09 17:52:15,901 [DEBUG] [urllib3.util.retry] Converted retries value: 1 -> Retry(total=1, connect=None, read=None, redirect=None, status=None)
2025-09-09 17:52:15,901 [DEBUG] [urllib3.util.retry] Converted retries value: 1 -> Retry(total=1, connect=None, read=None, redirect=None, status=None)
2025-09-09 17:52:15,917 [DEBUG] [urllib3.connectionpool] Starting new HTTPS connection (1): auth.giggle.global:443
2025-09-09 17:52:16,043 [DEBUG] [urllib3.connectionpool] https://auth.giggle.global:443 "POST /realms/giggle/protocol/openid-connect/token HTTP/1.1" 200 2938
2025-09-09 17:52:16,045 [DEBUG] [urllib3.connectionpool] Starting new HTTPS connection (1): auth.giggle.global:443
2025-09-09 17:52:16,163 [DEBUG] [urllib3.connectionpool] https://auth.giggle.global:443 "GET /admin/realms/giggle/users/8bde0ee2-2717-4c38-a328-d573a98d1b2a?userProfileMetadata=False HTTP/1.1" 200 411
2025-09-09 17:52:16,281 [DEBUG] [app.routes.user] Fetching current user: user_id=5f7f00fc-975b-41b1-af12-42702638a8a6
2025-09-09 17:52:16,304 [INFO] [app.routes.user] Fetched current user: user_id=5f7f00fc-975b-41b1-af12-42702638a8a6
2025-09-09 17:54:37,292 [DEBUG] [urllib3.connectionpool] Resetting dropped connection: auth.giggle.global
2025-09-09 17:54:37,596 [DEBUG] [urllib3.connectionpool] https://auth.giggle.global:443 "GET /realms/giggle HTTP/1.1" 200 600
2025-09-09 17:54:37,597 [DEBUG] [urllib3.util.retry] Converted retries value: 1 -> Retry(total=1, connect=None, read=None, redirect=None, status=None)
2025-09-09 17:54:37,597 [DEBUG] [urllib3.util.retry] Converted retries value: 1 -> Retry(total=1, connect=None, read=None, redirect=None, status=None)
2025-09-09 17:54:37,619 [DEBUG] [urllib3.util.retry] Converted retries value: 1 -> Retry(total=1, connect=None, read=None, redirect=None, status=None)
2025-09-09 17:54:37,619 [DEBUG] [urllib3.util.retry] Converted retries value: 1 -> Retry(total=1, connect=None, read=None, redirect=None, status=None)
2025-09-09 17:54:37,638 [DEBUG] [urllib3.connectionpool] Starting new HTTPS connection (1): auth.giggle.global:443
2025-09-09 17:54:37,901 [DEBUG] [urllib3.connectionpool] https://auth.giggle.global:443 "POST /realms/giggle/protocol/openid-connect/token HTTP/1.1" 200 2938
2025-09-09 17:54:37,903 [DEBUG] [urllib3.connectionpool] Starting new HTTPS connection (1): auth.giggle.global:443
2025-09-09 17:54:38,212 [DEBUG] [urllib3.connectionpool] https://auth.giggle.global:443 "GET /admin/realms/giggle/users/8bde0ee2-2717-4c38-a328-d573a98d1b2a?userProfileMetadata=False HTTP/1.1" 200 411
2025-09-09 17:54:38,323 [DEBUG] [app.routes.user] Update requested for user_id=5f7f00fc-975b-41b1-af12-42702638a8a6 payload={'bio': 'Freelance web developer', 'profile_pic': b'string', 'notification_service': {'email': False, 'sms': False, 'in_app': False}, 'language_preference': 'en', 'payment_information': {'account_holder_name': 'John Doe', 'account_number': '1234567890', 'ifsc_code': 'HDFC0001234', 'bank_name': 'HDFC Bank', 'upi_id': 'john@upi', 'gst': '29ABCDE1234F2Z5', 'account_type': 'Savings'}}
2025-09-09 17:54:38,370 [INFO] [app.services.user] User updated: user_id=5f7f00fc-975b-41b1-af12-42702638a8a6
2025-09-09 17:54:38,370 [INFO] [app.routes.user] User updated: user_id=5f7f00fc-975b-41b1-af12-42702638a8a6
2025-09-09 17:55:46,237 [DEBUG] [urllib3.connectionpool] https://auth.giggle.global:443 "GET /realms/giggle HTTP/1.1" 200 600
2025-09-09 17:55:46,238 [DEBUG] [urllib3.util.retry] Converted retries value: 1 -> Retry(total=1, connect=None, read=None, redirect=None, status=None)
2025-09-09 17:55:46,238 [DEBUG] [urllib3.util.retry] Converted retries value: 1 -> Retry(total=1, connect=None, read=None, redirect=None, status=None)
2025-09-09 17:55:46,259 [DEBUG] [urllib3.util.retry] Converted retries value: 1 -> Retry(total=1, connect=None, read=None, redirect=None, status=None)
2025-09-09 17:55:46,259 [DEBUG] [urllib3.util.retry] Converted retries value: 1 -> Retry(total=1, connect=None, read=None, redirect=None, status=None)
2025-09-09 17:55:46,275 [DEBUG] [urllib3.connectionpool] Starting new HTTPS connection (1): auth.giggle.global:443
2025-09-09 17:55:46,453 [DEBUG] [urllib3.connectionpool] https://auth.giggle.global:443 "POST /realms/giggle/protocol/openid-connect/token HTTP/1.1" 200 2938
2025-09-09 17:55:46,455 [DEBUG] [urllib3.connectionpool] Starting new HTTPS connection (1): auth.giggle.global:443
2025-09-09 17:55:46,549 [DEBUG] [urllib3.connectionpool] https://auth.giggle.global:443 "GET /admin/realms/giggle/users/8bde0ee2-2717-4c38-a328-d573a98d1b2a?userProfileMetadata=False HTTP/1.1" 200 411
2025-09-09 17:55:46,663 [DEBUG] [app.routes.user] Fetching current user: user_id=5f7f00fc-975b-41b1-af12-42702638a8a6
2025-09-09 17:55:46,688 [INFO] [app.routes.user] Fetched current user: user_id=5f7f00fc-975b-41b1-af12-42702638a8a6
2025-09-09 17:56:36,947 [INFO] [app.main] App started
2025-09-09 17:56:38,128 [INFO] [app.services.user] Root user already exists: email=deepak@keydraft.com
2025-09-09 17:56:38,932 [DEBUG] [urllib3.connectionpool] Starting new HTTPS connection (1): auth.giggle.global:443
2025-09-09 17:56:39,107 [DEBUG] [urllib3.connectionpool] https://auth.giggle.global:443 "GET /realms/giggle HTTP/1.1" 200 600
2025-09-09 17:56:39,111 [DEBUG] [urllib3.util.retry] Converted retries value: 1 -> Retry(total=1, connect=None, read=None, redirect=None, status=None)
2025-09-09 17:56:39,112 [DEBUG] [urllib3.util.retry] Converted retries value: 1 -> Retry(total=1, connect=None, read=None, redirect=None, status=None)
2025-09-09 17:56:39,134 [DEBUG] [urllib3.util.retry] Converted retries value: 1 -> Retry(total=1, connect=None, read=None, redirect=None, status=None)
2025-09-09 17:56:39,135 [DEBUG] [urllib3.util.retry] Converted retries value: 1 -> Retry(total=1, connect=None, read=None, redirect=None, status=None)
2025-09-09 17:56:39,150 [DEBUG] [urllib3.connectionpool] Starting new HTTPS connection (1): auth.giggle.global:443
2025-09-09 17:56:39,272 [DEBUG] [urllib3.connectionpool] https://auth.giggle.global:443 "POST /realms/giggle/protocol/openid-connect/token HTTP/1.1" 200 2938
2025-09-09 17:56:39,274 [DEBUG] [urllib3.connectionpool] Starting new HTTPS connection (1): auth.giggle.global:443
2025-09-09 17:56:39,387 [DEBUG] [urllib3.connectionpool] https://auth.giggle.global:443 "GET /admin/realms/giggle/users/8bde0ee2-2717-4c38-a328-d573a98d1b2a?userProfileMetadata=False HTTP/1.1" 200 411
2025-09-09 17:56:39,507 [DEBUG] [app.routes.user] Fetching current user: user_id=5f7f00fc-975b-41b1-af12-42702638a8a6
2025-09-09 17:56:39,534 [INFO] [app.routes.user] Fetched current user: user_id=5f7f00fc-975b-41b1-af12-42702638a8a6
2025-09-09 17:57:25,885 [DEBUG] [app.routes.auth] Login attempt for email: johndoe1@example.com
2025-09-09 17:57:25,885 [DEBUG] [app.services.user] Keycloak auth attempt for username=johndoe1@example.com
2025-09-09 17:57:25,889 [DEBUG] [urllib3.connectionpool] Starting new HTTPS connection (1): auth.giggle.global:443
2025-09-09 17:57:26,081 [DEBUG] [urllib3.connectionpool] https://auth.giggle.global:443 "POST /realms/giggle/protocol/openid-connect/token HTTP/1.1" 200 1902
2025-09-09 17:57:26,084 [DEBUG] [urllib3.connectionpool] Starting new HTTPS connection (1): auth.giggle.global:443
2025-09-09 17:57:26,312 [DEBUG] [urllib3.connectionpool] https://auth.giggle.global:443 "POST /realms/giggle/protocol/openid-connect/token HTTP/1.1" 200 2227
2025-09-09 17:57:26,313 [INFO] [app.services.user] Login success for username=johndoe1@example.com
2025-09-09 17:57:26,313 [INFO] [app.routes.auth] Login successful for email: johndoe1@example.com
2025-09-09 17:57:26,337 [DEBUG] [urllib3.connectionpool] https://auth.giggle.global:443 "GET /realms/giggle HTTP/1.1" 200 600
2025-09-09 17:57:26,338 [DEBUG] [urllib3.util.retry] Converted retries value: 1 -> Retry(total=1, connect=None, read=None, redirect=None, status=None)
2025-09-09 17:57:26,339 [DEBUG] [urllib3.util.retry] Converted retries value: 1 -> Retry(total=1, connect=None, read=None, redirect=None, status=None)
2025-09-09 17:57:26,355 [DEBUG] [urllib3.util.retry] Converted retries value: 1 -> Retry(total=1, connect=None, read=None, redirect=None, status=None)
2025-09-09 17:57:26,355 [DEBUG] [urllib3.util.retry] Converted retries value: 1 -> Retry(total=1, connect=None, read=None, redirect=None, status=None)
2025-09-09 17:57:26,370 [DEBUG] [urllib3.connectionpool] Starting new HTTPS connection (1): auth.giggle.global:443
2025-09-09 17:57:26,494 [DEBUG] [urllib3.connectionpool] https://auth.giggle.global:443 "POST /realms/giggle/protocol/openid-connect/token HTTP/1.1" 200 2938
2025-09-09 17:57:26,496 [DEBUG] [urllib3.connectionpool] Starting new HTTPS connection (1): auth.giggle.global:443
2025-09-09 17:57:26,614 [DEBUG] [urllib3.connectionpool] https://auth.giggle.global:443 "GET /admin/realms/giggle/users/6bab27f1-ac5f-48b8-9ac4-1bc8b478f86e?userProfileMetadata=False HTTP/1.1" 200 412
2025-09-09 17:57:26,645 [DEBUG] [app.routes.auth] User details fetched: {'username': 'john_doe', 'email': 'johndoe1@example.com', 'phone_number': '+919876543211', 'role': 'CL', 'first_name': 'John', 'last_name': 'Doe', 'status': 'ACTIVE', 'keycloak_id': '6bab27f1-ac5f-48b8-9ac4-1bc8b478f86e', 'user_id': '59a9cc4f-a155-4a7e-bad3-d69522bfeef5', 'signup_token': None}
2025-09-09 17:57:44,673 [DEBUG] [urllib3.connectionpool] https://auth.giggle.global:443 "GET /realms/giggle HTTP/1.1" 200 600
2025-09-09 17:57:44,674 [DEBUG] [urllib3.util.retry] Converted retries value: 1 -> Retry(total=1, connect=None, read=None, redirect=None, status=None)
2025-09-09 17:57:44,674 [DEBUG] [urllib3.util.retry] Converted retries value: 1 -> Retry(total=1, connect=None, read=None, redirect=None, status=None)
2025-09-09 17:57:44,693 [DEBUG] [urllib3.util.retry] Converted retries value: 1 -> Retry(total=1, connect=None, read=None, redirect=None, status=None)
2025-09-09 17:57:44,694 [DEBUG] [urllib3.util.retry] Converted retries value: 1 -> Retry(total=1, connect=None, read=None, redirect=None, status=None)
2025-09-09 17:57:44,716 [DEBUG] [urllib3.connectionpool] Starting new HTTPS connection (1): auth.giggle.global:443
2025-09-09 17:57:44,832 [DEBUG] [urllib3.connectionpool] https://auth.giggle.global:443 "POST /realms/giggle/protocol/openid-connect/token HTTP/1.1" 200 2938
2025-09-09 17:57:44,833 [DEBUG] [urllib3.connectionpool] Starting new HTTPS connection (1): auth.giggle.global:443
2025-09-09 17:57:44,955 [DEBUG] [urllib3.connectionpool] https://auth.giggle.global:443 "GET /admin/realms/giggle/users/6bab27f1-ac5f-48b8-9ac4-1bc8b478f86e?userProfileMetadata=False HTTP/1.1" 200 412
2025-09-09 17:57:45,072 [DEBUG] [app.routes.user] Freelancer list requested by user_id=59a9cc4f-a155-4a7e-bad3-d69522bfeef5 role=CL
2025-09-09 17:57:45,095 [INFO] [app.routes.user] Freelancer list fetched: count=5
2025-09-09 17:58:13,167 [INFO] [app.main] App started
2025-09-09 17:58:14,307 [INFO] [app.services.user] Root user already exists: email=deepak@keydraft.com
2025-09-09 17:58:17,003 [DEBUG] [urllib3.connectionpool] Starting new HTTPS connection (1): auth.giggle.global:443
2025-09-09 17:58:17,234 [DEBUG] [urllib3.connectionpool] https://auth.giggle.global:443 "GET /realms/giggle HTTP/1.1" 200 600
2025-09-09 17:58:17,239 [DEBUG] [urllib3.util.retry] Converted retries value: 1 -> Retry(total=1, connect=None, read=None, redirect=None, status=None)
2025-09-09 17:58:17,239 [DEBUG] [urllib3.util.retry] Converted retries value: 1 -> Retry(total=1, connect=None, read=None, redirect=None, status=None)
2025-09-09 17:58:17,259 [DEBUG] [urllib3.util.retry] Converted retries value: 1 -> Retry(total=1, connect=None, read=None, redirect=None, status=None)
2025-09-09 17:58:17,259 [DEBUG] [urllib3.util.retry] Converted retries value: 1 -> Retry(total=1, connect=None, read=None, redirect=None, status=None)
2025-09-09 17:58:17,275 [DEBUG] [urllib3.connectionpool] Starting new HTTPS connection (1): auth.giggle.global:443
2025-09-09 17:58:17,458 [DEBUG] [urllib3.connectionpool] https://auth.giggle.global:443 "POST /realms/giggle/protocol/openid-connect/token HTTP/1.1" 200 2938
2025-09-09 17:58:17,459 [DEBUG] [urllib3.connectionpool] Starting new HTTPS connection (1): auth.giggle.global:443
2025-09-09 17:58:17,577 [DEBUG] [urllib3.connectionpool] https://auth.giggle.global:443 "GET /admin/realms/giggle/users/6bab27f1-ac5f-48b8-9ac4-1bc8b478f86e?userProfileMetadata=False HTTP/1.1" 200 412
2025-09-09 17:58:17,687 [DEBUG] [app.routes.user] Freelancer list requested by user_id=59a9cc4f-a155-4a7e-bad3-d69522bfeef5 role=CL
2025-09-09 17:58:17,713 [INFO] [app.routes.user] Freelancer list fetched: count=5
2025-09-09 17:59:39,377 [INFO] [app.main] App started
2025-09-09 17:59:40,517 [INFO] [app.services.user] Root user already exists: email=deepak@keydraft.com
2025-09-12 14:56:20,692 [INFO] [app.main] App started
2025-09-12 14:56:21,834 [INFO] [app.services.user] Root user already exists: email=deepak@keydraft.com
2025-09-12 14:57:57,959 [DEBUG] [app.routes.auth] Login attempt for email: deepak@keydraft.com
2025-09-12 14:57:57,959 [DEBUG] [app.services.user] Keycloak auth attempt for username=deepak@keydraft.com
2025-09-12 14:57:57,961 [DEBUG] [urllib3.connectionpool] Starting new HTTPS connection (1): auth.giggle.global:443
2025-09-12 14:57:58,260 [DEBUG] [urllib3.connectionpool] https://auth.giggle.global:443 "POST /realms/giggle/protocol/openid-connect/token HTTP/1.1" 200 1901
2025-09-12 14:57:58,263 [DEBUG] [urllib3.connectionpool] Starting new HTTPS connection (1): auth.giggle.global:443
2025-09-12 14:57:58,657 [DEBUG] [urllib3.connectionpool] https://auth.giggle.global:443 "POST /realms/giggle/protocol/openid-connect/token HTTP/1.1" 200 2265
2025-09-12 14:57:58,658 [INFO] [app.services.user] Login success for username=deepak@keydraft.com
2025-09-12 14:57:58,658 [INFO] [app.routes.auth] Login successful for email: deepak@keydraft.com
2025-09-12 14:57:58,660 [DEBUG] [urllib3.connectionpool] Starting new HTTPS connection (1): auth.giggle.global:443
2025-09-12 14:57:58,885 [DEBUG] [urllib3.connectionpool] https://auth.giggle.global:443 "GET /realms/giggle HTTP/1.1" 200 600
2025-09-12 14:57:58,894 [DEBUG] [urllib3.util.retry] Converted retries value: 1 -> Retry(total=1, connect=None, read=None, redirect=None, status=None)
2025-09-12 14:57:58,895 [DEBUG] [urllib3.util.retry] Converted retries value: 1 -> Retry(total=1, connect=None, read=None, redirect=None, status=None)
2025-09-12 14:57:58,916 [DEBUG] [urllib3.util.retry] Converted retries value: 1 -> Retry(total=1, connect=None, read=None, redirect=None, status=None)
2025-09-12 14:57:58,916 [DEBUG] [urllib3.util.retry] Converted retries value: 1 -> Retry(total=1, connect=None, read=None, redirect=None, status=None)
2025-09-12 14:57:58,931 [DEBUG] [urllib3.connectionpool] Starting new HTTPS connection (1): auth.giggle.global:443
2025-09-12 14:57:59,035 [DEBUG] [urllib3.connectionpool] https://auth.giggle.global:443 "POST /realms/giggle/protocol/openid-connect/token HTTP/1.1" 200 2937
2025-09-12 14:57:59,038 [DEBUG] [urllib3.connectionpool] Starting new HTTPS connection (1): auth.giggle.global:443
2025-09-12 14:57:59,145 [DEBUG] [urllib3.connectionpool] https://auth.giggle.global:443 "GET /admin/realms/giggle/users/75545e13-2760-4935-9b7a-f8f0b3e7a66e?userProfileMetadata=False HTTP/1.1" 200 426
2025-09-12 14:57:59,178 [DEBUG] [app.routes.auth] User details fetched: {'username': 'eaa845ee-a4d3-4ab6-9db3-6dc315da864e', 'email': 'deepak@keydraft.com', 'phone_number': '9999999999', 'role': 'SA', 'first_name': 'Super Admin', 'last_name': 'Super Admin', 'status': 'ACTIVE', 'keycloak_id': '75545e13-2760-4935-9b7a-f8f0b3e7a66e', 'user_id': 'eaa845ee-a4d3-4ab6-9db3-6dc315da864e'}
2025-09-12 14:58:16,630 [DEBUG] [urllib3.connectionpool] https://auth.giggle.global:443 "GET /realms/giggle HTTP/1.1" 200 600
2025-09-12 14:58:16,631 [DEBUG] [urllib3.util.retry] Converted retries value: 1 -> Retry(total=1, connect=None, read=None, redirect=None, status=None)
2025-09-12 14:58:16,631 [DEBUG] [urllib3.util.retry] Converted retries value: 1 -> Retry(total=1, connect=None, read=None, redirect=None, status=None)
2025-09-12 14:58:16,642 [DEBUG] [urllib3.util.retry] Converted retries value: 1 -> Retry(total=1, connect=None, read=None, redirect=None, status=None)
2025-09-12 14:58:16,642 [DEBUG] [urllib3.util.retry] Converted retries value: 1 -> Retry(total=1, connect=None, read=None, redirect=None, status=None)
2025-09-12 14:58:16,659 [DEBUG] [urllib3.connectionpool] Starting new HTTPS connection (1): auth.giggle.global:443
2025-09-12 14:58:16,995 [DEBUG] [urllib3.connectionpool] https://auth.giggle.global:443 "POST /realms/giggle/protocol/openid-connect/token HTTP/1.1" 200 2937
2025-09-12 14:58:16,997 [DEBUG] [urllib3.connectionpool] Starting new HTTPS connection (1): auth.giggle.global:443
2025-09-12 14:58:17,101 [DEBUG] [urllib3.connectionpool] https://auth.giggle.global:443 "GET /admin/realms/giggle/users/75545e13-2760-4935-9b7a-f8f0b3e7a66e?userProfileMetadata=False HTTP/1.1" 200 426
2025-09-12 14:58:17,228 [DEBUG] [app.routes.user] All users list requested by user_id=eaa845ee-a4d3-4ab6-9db3-6dc315da864e role=SA
2025-09-12 14:58:17,255 [INFO] [app.routes.user] All users list fetched: count=10
2025-09-16 11:48:57,248 [INFO] [app.main] App started
2025-09-16 11:48:58,411 [INFO] [app.services.user] Root user already exists: email=deepak@keydraft.com
2025-09-16 11:49:25,696 [DEBUG] [app.routes.auth] Login attempt for email: johndoe@example.com
2025-09-16 11:49:25,696 [DEBUG] [app.services.user] Keycloak auth attempt for username=johndoe@example.com
2025-09-16 11:49:25,698 [DEBUG] [urllib3.connectionpool] Starting new HTTPS connection (1): auth.giggle.global:443
2025-09-16 11:49:26,044 [DEBUG] [urllib3.connectionpool] https://auth.giggle.global:443 "POST /realms/giggle/protocol/openid-connect/token HTTP/1.1" 200 1901
2025-09-16 11:49:26,045 [DEBUG] [urllib3.connectionpool] Starting new HTTPS connection (1): auth.giggle.global:443
2025-09-16 11:49:26,524 [DEBUG] [urllib3.connectionpool] https://auth.giggle.global:443 "POST /realms/giggle/protocol/openid-connect/token HTTP/1.1" 200 2225
2025-09-16 11:49:26,525 [INFO] [app.services.user] Login success for username=johndoe@example.com
2025-09-16 11:49:26,525 [INFO] [app.routes.auth] Login successful for email: johndoe@example.com
2025-09-16 11:49:26,525 [DEBUG] [urllib3.connectionpool] Starting new HTTPS connection (1): auth.giggle.global:443
2025-09-16 11:49:26,966 [DEBUG] [urllib3.connectionpool] https://auth.giggle.global:443 "GET /realms/giggle HTTP/1.1" 200 600
2025-09-16 11:49:26,973 [DEBUG] [urllib3.util.retry] Converted retries value: 1 -> Retry(total=1, connect=None, read=None, redirect=None, status=None)
2025-09-16 11:49:26,973 [DEBUG] [urllib3.util.retry] Converted retries value: 1 -> Retry(total=1, connect=None, read=None, redirect=None, status=None)
2025-09-16 11:49:26,991 [DEBUG] [urllib3.util.retry] Converted retries value: 1 -> Retry(total=1, connect=None, read=None, redirect=None, status=None)
2025-09-16 11:49:26,991 [DEBUG] [urllib3.util.retry] Converted retries value: 1 -> Retry(total=1, connect=None, read=None, redirect=None, status=None)
2025-09-16 11:49:27,010 [DEBUG] [urllib3.connectionpool] Starting new HTTPS connection (1): auth.giggle.global:443
2025-09-16 11:49:27,625 [DEBUG] [urllib3.connectionpool] https://auth.giggle.global:443 "POST /realms/giggle/protocol/openid-connect/token HTTP/1.1" 200 2937
2025-09-16 11:49:27,625 [DEBUG] [urllib3.connectionpool] Starting new HTTPS connection (1): auth.giggle.global:443
2025-09-16 11:49:28,045 [DEBUG] [urllib3.connectionpool] https://auth.giggle.global:443 "GET /admin/realms/giggle/users/8bde0ee2-2717-4c38-a328-d573a98d1b2a?userProfileMetadata=False HTTP/1.1" 200 411
2025-09-16 11:49:28,133 [ERROR] [ASMP] - MESSAGE: Unknown HTTP error - PID: 40515 - FILE: /home/deepak/Desktop/Deepak/Projects/giggle_services/app/core/keycloak.py:get_current_user - BODY: {'error': '404: User not found'} 
2025-09-16 11:50:11,487 [DEBUG] [app.routes.auth] Login attempt for email: johndoe1@example.com
2025-09-16 11:50:11,487 [DEBUG] [app.services.user] Keycloak auth attempt for username=johndoe1@example.com
2025-09-16 11:50:11,487 [DEBUG] [urllib3.connectionpool] Starting new HTTPS connection (1): auth.giggle.global:443
2025-09-16 11:50:11,610 [DEBUG] [urllib3.connectionpool] https://auth.giggle.global:443 "POST /realms/giggle/protocol/openid-connect/token HTTP/1.1" 200 1901
2025-09-16 11:50:11,611 [DEBUG] [urllib3.connectionpool] Starting new HTTPS connection (1): auth.giggle.global:443
2025-09-16 11:50:11,786 [DEBUG] [urllib3.connectionpool] https://auth.giggle.global:443 "POST /realms/giggle/protocol/openid-connect/token HTTP/1.1" 200 2226
2025-09-16 11:50:11,786 [INFO] [app.services.user] Login success for username=johndoe1@example.com
2025-09-16 11:50:11,786 [INFO] [app.routes.auth] Login successful for email: johndoe1@example.com
2025-09-16 11:50:11,815 [DEBUG] [urllib3.connectionpool] https://auth.giggle.global:443 "GET /realms/giggle HTTP/1.1" 200 600
2025-09-16 11:50:11,815 [DEBUG] [urllib3.util.retry] Converted retries value: 1 -> Retry(total=1, connect=None, read=None, redirect=None, status=None)
2025-09-16 11:50:11,815 [DEBUG] [urllib3.util.retry] Converted retries value: 1 -> Retry(total=1, connect=None, read=None, redirect=None, status=None)
2025-09-16 11:50:11,834 [DEBUG] [urllib3.util.retry] Converted retries value: 1 -> Retry(total=1, connect=None, read=None, redirect=None, status=None)
2025-09-16 11:50:11,834 [DEBUG] [urllib3.util.retry] Converted retries value: 1 -> Retry(total=1, connect=None, read=None, redirect=None, status=None)
2025-09-16 11:50:11,848 [DEBUG] [urllib3.connectionpool] Starting new HTTPS connection (1): auth.giggle.global:443
2025-09-16 11:50:12,163 [DEBUG] [urllib3.connectionpool] https://auth.giggle.global:443 "POST /realms/giggle/protocol/openid-connect/token HTTP/1.1" 200 2937
2025-09-16 11:50:12,164 [DEBUG] [urllib3.connectionpool] Starting new HTTPS connection (1): auth.giggle.global:443
2025-09-16 11:50:12,286 [DEBUG] [urllib3.connectionpool] https://auth.giggle.global:443 "GET /admin/realms/giggle/users/6bab27f1-ac5f-48b8-9ac4-1bc8b478f86e?userProfileMetadata=False HTTP/1.1" 200 412
2025-09-16 11:50:12,319 [DEBUG] [app.routes.auth] User details fetched: {'username': 'john_doe', 'email': 'johndoe1@example.com', 'phone_number': '+919876543211', 'role': 'CL', 'first_name': 'John', 'last_name': 'Doe', 'status': 'ACTIVE', 'keycloak_id': '6bab27f1-ac5f-48b8-9ac4-1bc8b478f86e', 'user_id': '59a9cc4f-a155-4a7e-bad3-d69522bfeef5', 'signup_token': None}
2025-09-16 11:50:31,344 [DEBUG] [urllib3.connectionpool] https://auth.giggle.global:443 "GET /realms/giggle HTTP/1.1" 200 600
2025-09-16 11:50:31,345 [DEBUG] [urllib3.util.retry] Converted retries value: 1 -> Retry(total=1, connect=None, read=None, redirect=None, status=None)
2025-09-16 11:50:31,347 [DEBUG] [urllib3.util.retry] Converted retries value: 1 -> Retry(total=1, connect=None, read=None, redirect=None, status=None)
2025-09-16 11:50:31,368 [DEBUG] [urllib3.util.retry] Converted retries value: 1 -> Retry(total=1, connect=None, read=None, redirect=None, status=None)
2025-09-16 11:50:31,368 [DEBUG] [urllib3.util.retry] Converted retries value: 1 -> Retry(total=1, connect=None, read=None, redirect=None, status=None)
2025-09-16 11:50:31,381 [DEBUG] [urllib3.connectionpool] Starting new HTTPS connection (1): auth.giggle.global:443
2025-09-16 11:50:31,482 [DEBUG] [urllib3.connectionpool] https://auth.giggle.global:443 "POST /realms/giggle/protocol/openid-connect/token HTTP/1.1" 200 2937
2025-09-16 11:50:31,483 [DEBUG] [urllib3.connectionpool] Starting new HTTPS connection (1): auth.giggle.global:443
2025-09-16 11:50:31,603 [DEBUG] [urllib3.connectionpool] https://auth.giggle.global:443 "GET /admin/realms/giggle/users/6bab27f1-ac5f-48b8-9ac4-1bc8b478f86e?userProfileMetadata=False HTTP/1.1" 200 412
2025-09-16 23:00:30,101 [INFO] [app.main] App started
2025-09-16 23:00:31,263 [INFO] [app.services.user] Root user already exists: email=deepak@keydraft.com
2025-09-16 23:22:58,478 [INFO] [app.main] App started
2025-09-16 23:22:59,679 [INFO] [app.services.user] Root user already exists: email=deepak@keydraft.com
2025-09-16 23:24:04,787 [DEBUG] [app.routes.auth] Login attempt for email: johndoe1@example.com
2025-09-16 23:24:04,787 [DEBUG] [app.services.user] Keycloak auth attempt for username=johndoe1@example.com
2025-09-16 23:24:04,792 [DEBUG] [urllib3.connectionpool] Starting new HTTPS connection (1): auth.giggle.global:443
2025-09-16 23:24:05,694 [DEBUG] [urllib3.connectionpool] https://auth.giggle.global:443 "POST /realms/giggle/protocol/openid-connect/token HTTP/1.1" 200 1906
2025-09-16 23:24:05,697 [DEBUG] [urllib3.connectionpool] Starting new HTTPS connection (1): auth.giggle.global:443
2025-09-16 23:24:05,916 [DEBUG] [urllib3.connectionpool] https://auth.giggle.global:443 "POST /realms/giggle/protocol/openid-connect/token HTTP/1.1" 200 2226
2025-09-16 23:24:05,918 [INFO] [app.services.user] Login success for username=johndoe1@example.com
2025-09-16 23:24:05,918 [INFO] [app.routes.auth] Login successful for email: johndoe1@example.com
2025-09-16 23:24:05,919 [DEBUG] [urllib3.connectionpool] Starting new HTTPS connection (1): auth.giggle.global:443
2025-09-16 23:24:06,111 [DEBUG] [urllib3.connectionpool] https://auth.giggle.global:443 "GET /realms/giggle HTTP/1.1" 200 600
2025-09-16 23:24:06,121 [DEBUG] [urllib3.util.retry] Converted retries value: 1 -> Retry(total=1, connect=None, read=None, redirect=None, status=None)
2025-09-16 23:24:06,121 [DEBUG] [urllib3.util.retry] Converted retries value: 1 -> Retry(total=1, connect=None, read=None, redirect=None, status=None)
2025-09-16 23:24:06,176 [DEBUG] [urllib3.util.retry] Converted retries value: 1 -> Retry(total=1, connect=None, read=None, redirect=None, status=None)
2025-09-16 23:24:06,177 [DEBUG] [urllib3.util.retry] Converted retries value: 1 -> Retry(total=1, connect=None, read=None, redirect=None, status=None)
2025-09-16 23:24:06,225 [DEBUG] [urllib3.connectionpool] Starting new HTTPS connection (1): auth.giggle.global:443
2025-09-16 23:24:06,324 [DEBUG] [urllib3.connectionpool] https://auth.giggle.global:443 "POST /realms/giggle/protocol/openid-connect/token HTTP/1.1" 200 2948
2025-09-16 23:24:06,327 [DEBUG] [urllib3.connectionpool] Starting new HTTPS connection (1): auth.giggle.global:443
2025-09-16 23:24:06,431 [DEBUG] [urllib3.connectionpool] https://auth.giggle.global:443 "GET /admin/realms/giggle/users/6bab27f1-ac5f-48b8-9ac4-1bc8b478f86e?userProfileMetadata=False HTTP/1.1" 200 412
2025-09-16 23:24:06,464 [DEBUG] [app.routes.auth] User details fetched: {'username': 'john_doe', 'email': 'johndoe1@example.com', 'phone_number': '+919876543211', 'role': 'CL', 'first_name': 'John', 'last_name': 'Doe', 'status': 'ACTIVE', 'keycloak_id': '6bab27f1-ac5f-48b8-9ac4-1bc8b478f86e', 'user_id': '59a9cc4f-a155-4a7e-bad3-d69522bfeef5', 'signup_token': None}
2025-09-16 23:24:26,431 [DEBUG] [urllib3.connectionpool] https://auth.giggle.global:443 "GET /realms/giggle HTTP/1.1" 200 600
2025-09-16 23:24:26,434 [DEBUG] [urllib3.util.retry] Converted retries value: 1 -> Retry(total=1, connect=None, read=None, redirect=None, status=None)
2025-09-16 23:24:26,434 [DEBUG] [urllib3.util.retry] Converted retries value: 1 -> Retry(total=1, connect=None, read=None, redirect=None, status=None)
2025-09-16 23:24:26,484 [DEBUG] [urllib3.util.retry] Converted retries value: 1 -> Retry(total=1, connect=None, read=None, redirect=None, status=None)
2025-09-16 23:24:26,484 [DEBUG] [urllib3.util.retry] Converted retries value: 1 -> Retry(total=1, connect=None, read=None, redirect=None, status=None)
2025-09-16 23:24:26,536 [DEBUG] [urllib3.connectionpool] Starting new HTTPS connection (1): auth.giggle.global:443
2025-09-16 23:24:26,833 [DEBUG] [urllib3.connectionpool] https://auth.giggle.global:443 "POST /realms/giggle/protocol/openid-connect/token HTTP/1.1" 200 2948
2025-09-16 23:24:26,835 [DEBUG] [urllib3.connectionpool] Starting new HTTPS connection (1): auth.giggle.global:443
2025-09-16 23:24:26,928 [DEBUG] [urllib3.connectionpool] https://auth.giggle.global:443 "GET /admin/realms/giggle/users/6bab27f1-ac5f-48b8-9ac4-1bc8b478f86e?userProfileMetadata=False HTTP/1.1" 200 412
2025-09-16 23:24:27,062 [DEBUG] [app.routes.user] Fetching current user: user_id=59a9cc4f-a155-4a7e-bad3-d69522bfeef5
2025-09-16 23:24:27,091 [INFO] [app.routes.user] Fetched current user: user_id=59a9cc4f-a155-4a7e-bad3-d69522bfeef5
2025-09-16 23:25:29,072 [DEBUG] [urllib3.connectionpool] https://auth.giggle.global:443 "GET /realms/giggle HTTP/1.1" 200 600
2025-09-16 23:25:29,073 [DEBUG] [urllib3.util.retry] Converted retries value: 1 -> Retry(total=1, connect=None, read=None, redirect=None, status=None)
2025-09-16 23:25:29,075 [DEBUG] [urllib3.util.retry] Converted retries value: 1 -> Retry(total=1, connect=None, read=None, redirect=None, status=None)
2025-09-16 23:25:29,115 [DEBUG] [urllib3.util.retry] Converted retries value: 1 -> Retry(total=1, connect=None, read=None, redirect=None, status=None)
2025-09-16 23:25:29,116 [DEBUG] [urllib3.util.retry] Converted retries value: 1 -> Retry(total=1, connect=None, read=None, redirect=None, status=None)
2025-09-16 23:25:29,165 [DEBUG] [urllib3.connectionpool] Starting new HTTPS connection (1): auth.giggle.global:443
2025-09-16 23:25:29,525 [DEBUG] [urllib3.connectionpool] https://auth.giggle.global:443 "POST /realms/giggle/protocol/openid-connect/token HTTP/1.1" 200 2948
2025-09-16 23:25:29,527 [DEBUG] [urllib3.connectionpool] Starting new HTTPS connection (1): auth.giggle.global:443
2025-09-16 23:25:29,616 [DEBUG] [urllib3.connectionpool] https://auth.giggle.global:443 "GET /admin/realms/giggle/users/6bab27f1-ac5f-48b8-9ac4-1bc8b478f86e?userProfileMetadata=False HTTP/1.1" 200 412
2025-09-16 23:25:29,779 [DEBUG] [app.routes.user] Update requested for user_id=59a9cc4f-a155-4a7e-bad3-d69522bfeef5 payload={'profile_pic': b'string', 'language_preference': 'en', 'payment_information': {'account_holder_name': 'John Doe', 'account_number': '1234567890', 'ifsc_code': 'HDFC0001234', 'bank_name': 'HDFC Bank', 'upi_id': 'john@upi', 'gst': '29ABCDE1234F2Z5', 'account_type': 'Savings'}, 'contact_info': {'phone': '+91-9812345678', 'email': 'contact@example.com', 'linkedin': 'https://linkedin.com/in/johndoe', 'timezone': 'UTC+05:30', 'address': '20 Cooper Square, New York, NY', 'available_time': '10:00am - 06:30pm'}, 'company_info': {'company_name': 'KPS Pvt. Limited', 'website': 'https://kpspvt.com', 'industry': 'Tech & IT', 'company_contacts': {'phone': '+91-9812345678', 'email': 'contact@example.com', 'linkedin': 'https://linkedin.com/in/johndoe', 'timezone': 'UTC+05:30', 'address': '20 Cooper Square, New York, NY', 'available_time': '10:00am - 06:30pm'}, 'company_description': 'We build web products'}}
2025-09-16 23:26:00,619 [INFO] [app.main] App started
2025-09-16 23:26:01,820 [INFO] [app.services.user] Root user already exists: email=deepak@keydraft.com
2025-09-16 23:26:12,455 [DEBUG] [urllib3.connectionpool] Starting new HTTPS connection (1): auth.giggle.global:443
2025-09-16 23:26:13,209 [DEBUG] [urllib3.connectionpool] https://auth.giggle.global:443 "GET /realms/giggle HTTP/1.1" 200 600
2025-09-16 23:26:13,213 [DEBUG] [urllib3.util.retry] Converted retries value: 1 -> Retry(total=1, connect=None, read=None, redirect=None, status=None)
2025-09-16 23:26:13,213 [DEBUG] [urllib3.util.retry] Converted retries value: 1 -> Retry(total=1, connect=None, read=None, redirect=None, status=None)
2025-09-16 23:26:13,259 [DEBUG] [urllib3.util.retry] Converted retries value: 1 -> Retry(total=1, connect=None, read=None, redirect=None, status=None)
2025-09-16 23:26:13,259 [DEBUG] [urllib3.util.retry] Converted retries value: 1 -> Retry(total=1, connect=None, read=None, redirect=None, status=None)
2025-09-16 23:26:13,305 [DEBUG] [urllib3.connectionpool] Starting new HTTPS connection (1): auth.giggle.global:443
2025-09-16 23:26:13,421 [DEBUG] [urllib3.connectionpool] https://auth.giggle.global:443 "POST /realms/giggle/protocol/openid-connect/token HTTP/1.1" 200 2948
2025-09-16 23:26:13,422 [DEBUG] [urllib3.connectionpool] Starting new HTTPS connection (1): auth.giggle.global:443
2025-09-16 23:26:13,542 [DEBUG] [urllib3.connectionpool] https://auth.giggle.global:443 "GET /admin/realms/giggle/users/6bab27f1-ac5f-48b8-9ac4-1bc8b478f86e?userProfileMetadata=False HTTP/1.1" 200 412
2025-09-16 23:26:13,933 [DEBUG] [app.routes.user] Update requested for user_id=59a9cc4f-a155-4a7e-bad3-d69522bfeef5 payload={'profile_pic': b'string', 'language_preference': 'en', 'payment_information': {'account_holder_name': 'John Doe', 'account_number': '1234567890', 'ifsc_code': 'HDFC0001234', 'bank_name': 'HDFC Bank', 'upi_id': 'john@upi', 'gst': '29ABCDE1234F2Z5', 'account_type': 'Savings'}, 'contact_info': {'phone': '+91-9812345678', 'email': 'contact@example.com', 'linkedin': 'https://linkedin.com/in/johndoe', 'timezone': 'UTC+05:30', 'address': '20 Cooper Square, New York, NY', 'available_time': '10:00am - 06:30pm'}, 'company_info': {'company_name': 'KPS Pvt. Limited', 'website': 'https://kpspvt.com', 'industry': 'Tech & IT', 'company_contacts': {'phone': '+91-9812345678', 'email': 'contact@example.com', 'linkedin': 'https://linkedin.com/in/johndoe', 'timezone': 'UTC+05:30', 'address': '20 Cooper Square, New York, NY', 'available_time': '10:00am - 06:30pm'}, 'company_description': 'We build web products'}}
2025-09-16 23:27:02,352 [INFO] [app.main] App started
2025-09-16 23:27:03,588 [INFO] [app.services.user] Root user already exists: email=deepak@keydraft.com
2025-09-16 23:27:15,588 [DEBUG] [urllib3.connectionpool] Starting new HTTPS connection (1): auth.giggle.global:443
2025-09-16 23:27:15,840 [DEBUG] [urllib3.connectionpool] https://auth.giggle.global:443 "GET /realms/giggle HTTP/1.1" 200 600
2025-09-16 23:27:15,844 [DEBUG] [urllib3.util.retry] Converted retries value: 1 -> Retry(total=1, connect=None, read=None, redirect=None, status=None)
2025-09-16 23:27:15,844 [DEBUG] [urllib3.util.retry] Converted retries value: 1 -> Retry(total=1, connect=None, read=None, redirect=None, status=None)
2025-09-16 23:27:15,895 [DEBUG] [urllib3.util.retry] Converted retries value: 1 -> Retry(total=1, connect=None, read=None, redirect=None, status=None)
2025-09-16 23:27:15,896 [DEBUG] [urllib3.util.retry] Converted retries value: 1 -> Retry(total=1, connect=None, read=None, redirect=None, status=None)
2025-09-16 23:27:15,938 [DEBUG] [urllib3.connectionpool] Starting new HTTPS connection (1): auth.giggle.global:443
2025-09-16 23:27:16,037 [DEBUG] [urllib3.connectionpool] https://auth.giggle.global:443 "POST /realms/giggle/protocol/openid-connect/token HTTP/1.1" 200 2948
2025-09-16 23:27:16,040 [DEBUG] [urllib3.connectionpool] Starting new HTTPS connection (1): auth.giggle.global:443
2025-09-16 23:27:16,129 [DEBUG] [urllib3.connectionpool] https://auth.giggle.global:443 "GET /admin/realms/giggle/users/6bab27f1-ac5f-48b8-9ac4-1bc8b478f86e?userProfileMetadata=False HTTP/1.1" 200 412
2025-09-16 23:27:16,318 [DEBUG] [app.routes.user] Update requested for user_id=59a9cc4f-a155-4a7e-bad3-d69522bfeef5 payload={'profile_pic': b'string', 'language_preference': 'en', 'payment_information': {'account_holder_name': 'John Doe', 'account_number': '1234567890', 'ifsc_code': 'HDFC0001234', 'bank_name': 'HDFC Bank', 'upi_id': 'john@upi', 'gst': '29ABCDE1234F2Z5', 'account_type': 'Savings'}, 'contact_info': {'phone': '+91-9812345678', 'email': 'contact@example.com', 'linkedin': 'https://linkedin.com/in/johndoe', 'timezone': 'UTC+05:30', 'address': '20 Cooper Square, New York, NY', 'available_time': '10:00am - 06:30pm'}, 'company_info': {'company_name': 'KPS Pvt. Limited', 'website': 'https://kpspvt.com', 'industry': 'Tech & IT', 'company_contacts': {'phone': '+91-9812345678', 'email': 'contact@example.com', 'linkedin': 'https://linkedin.com/in/johndoe', 'timezone': 'UTC+05:30', 'address': '20 Cooper Square, New York, NY', 'available_time': '10:00am - 06:30pm'}, 'company_description': 'We build web products'}}
2025-09-16 23:27:16,394 [INFO] [app.services.user] User updated: user_id=59a9cc4f-a155-4a7e-bad3-d69522bfeef5
2025-09-16 23:27:16,394 [INFO] [app.routes.user] User updated: user_id=59a9cc4f-a155-4a7e-bad3-d69522bfeef5
2025-09-16 23:27:24,540 [DEBUG] [urllib3.connectionpool] https://auth.giggle.global:443 "GET /realms/giggle HTTP/1.1" 200 600
2025-09-16 23:27:24,544 [DEBUG] [urllib3.util.retry] Converted retries value: 1 -> Retry(total=1, connect=None, read=None, redirect=None, status=None)
2025-09-16 23:27:24,544 [DEBUG] [urllib3.util.retry] Converted retries value: 1 -> Retry(total=1, connect=None, read=None, redirect=None, status=None)
2025-09-16 23:27:24,590 [DEBUG] [urllib3.util.retry] Converted retries value: 1 -> Retry(total=1, connect=None, read=None, redirect=None, status=None)
2025-09-16 23:27:24,590 [DEBUG] [urllib3.util.retry] Converted retries value: 1 -> Retry(total=1, connect=None, read=None, redirect=None, status=None)
2025-09-16 23:27:24,634 [DEBUG] [urllib3.connectionpool] Starting new HTTPS connection (1): auth.giggle.global:443
2025-09-16 23:27:24,819 [DEBUG] [urllib3.connectionpool] https://auth.giggle.global:443 "POST /realms/giggle/protocol/openid-connect/token HTTP/1.1" 200 2948
2025-09-16 23:27:24,821 [DEBUG] [urllib3.connectionpool] Starting new HTTPS connection (1): auth.giggle.global:443
2025-09-16 23:27:24,914 [DEBUG] [urllib3.connectionpool] https://auth.giggle.global:443 "GET /admin/realms/giggle/users/6bab27f1-ac5f-48b8-9ac4-1bc8b478f86e?userProfileMetadata=False HTTP/1.1" 200 412
2025-09-16 23:27:25,078 [DEBUG] [app.routes.user] Fetching current user: user_id=59a9cc4f-a155-4a7e-bad3-d69522bfeef5
2025-09-16 23:27:25,109 [INFO] [app.routes.user] Fetched current user: user_id=59a9cc4f-a155-4a7e-bad3-d69522bfeef5
2025-09-16 23:31:45,235 [INFO] [app.main] App started
2025-09-16 23:31:46,447 [INFO] [app.services.user] Root user already exists: email=deepak@keydraft.com
2025-09-16 23:31:49,881 [DEBUG] [urllib3.connectionpool] Starting new HTTPS connection (1): auth.giggle.global:443
2025-09-16 23:31:55,072 [DEBUG] [urllib3.connectionpool] https://auth.giggle.global:443 "GET /realms/giggle HTTP/1.1" 200 600
2025-09-16 23:31:55,224 [ERROR] [ASMP] - MESSAGE: Invalid or expired token - PID: 285601 - FILE: /home/deepak/Desktop/Deepak/Projects/giggle_services/app/core/keycloak.py:get_current_user 
2025-09-16 23:34:13,040 [DEBUG] [app.routes.auth] Login attempt for email: johndoe1@example.com
2025-09-16 23:34:13,040 [DEBUG] [app.services.user] Keycloak auth attempt for username=johndoe1@example.com
2025-09-16 23:34:13,043 [DEBUG] [urllib3.connectionpool] Starting new HTTPS connection (1): auth.giggle.global:443
2025-09-16 23:34:13,136 [DEBUG] [urllib3.connectionpool] https://auth.giggle.global:443 "POST /realms/giggle/protocol/openid-connect/token HTTP/1.1" 200 1907
2025-09-16 23:34:13,138 [DEBUG] [urllib3.connectionpool] Starting new HTTPS connection (1): auth.giggle.global:443
2025-09-16 23:34:13,288 [DEBUG] [urllib3.connectionpool] https://auth.giggle.global:443 "POST /realms/giggle/protocol/openid-connect/token HTTP/1.1" 200 2227
2025-09-16 23:34:13,289 [INFO] [app.services.user] Login success for username=johndoe1@example.com
2025-09-16 23:34:13,289 [INFO] [app.routes.auth] Login successful for email: johndoe1@example.com
2025-09-16 23:34:13,291 [DEBUG] [urllib3.connectionpool] Resetting dropped connection: auth.giggle.global
2025-09-16 23:34:13,416 [DEBUG] [urllib3.connectionpool] https://auth.giggle.global:443 "GET /realms/giggle HTTP/1.1" 200 600
2025-09-16 23:34:13,418 [DEBUG] [urllib3.util.retry] Converted retries value: 1 -> Retry(total=1, connect=None, read=None, redirect=None, status=None)
2025-09-16 23:34:13,418 [DEBUG] [urllib3.util.retry] Converted retries value: 1 -> Retry(total=1, connect=None, read=None, redirect=None, status=None)
2025-09-16 23:34:13,467 [DEBUG] [urllib3.util.retry] Converted retries value: 1 -> Retry(total=1, connect=None, read=None, redirect=None, status=None)
2025-09-16 23:34:13,467 [DEBUG] [urllib3.util.retry] Converted retries value: 1 -> Retry(total=1, connect=None, read=None, redirect=None, status=None)
2025-09-16 23:34:13,489 [DEBUG] [urllib3.connectionpool] Starting new HTTPS connection (1): auth.giggle.global:443
2025-09-16 23:34:13,581 [DEBUG] [urllib3.connectionpool] https://auth.giggle.global:443 "POST /realms/giggle/protocol/openid-connect/token HTTP/1.1" 200 2949
2025-09-16 23:34:13,582 [DEBUG] [urllib3.connectionpool] Starting new HTTPS connection (1): auth.giggle.global:443
2025-09-16 23:34:13,717 [DEBUG] [urllib3.connectionpool] https://auth.giggle.global:443 "GET /admin/realms/giggle/users/6bab27f1-ac5f-48b8-9ac4-1bc8b478f86e?userProfileMetadata=False HTTP/1.1" 200 412
2025-09-16 23:34:13,751 [DEBUG] [app.routes.auth] User details fetched: {'username': 'john_doe', 'email': 'johndoe1@example.com', 'phone_number': '+919876543211', 'role': 'CL', 'first_name': 'John', 'last_name': 'Doe', 'status': 'ACTIVE', 'keycloak_id': '6bab27f1-ac5f-48b8-9ac4-1bc8b478f86e', 'user_id': '59a9cc4f-a155-4a7e-bad3-d69522bfeef5', 'signup_token': None, 'language_preference': 'en', 'payment_information': {'account_holder_name': 'John Doe', 'account_number': '1234567890', 'ifsc_code': 'HDFC0001234', 'bank_name': 'HDFC Bank', 'upi_id': 'john@upi', 'gst': '29ABCDE1234F2Z5', 'account_type': 'Savings'}}
2025-09-16 23:34:34,073 [DEBUG] [urllib3.connectionpool] https://auth.giggle.global:443 "GET /realms/giggle HTTP/1.1" 200 600
2025-09-16 23:34:34,075 [DEBUG] [urllib3.util.retry] Converted retries value: 1 -> Retry(total=1, connect=None, read=None, redirect=None, status=None)
2025-09-16 23:34:34,075 [DEBUG] [urllib3.util.retry] Converted retries value: 1 -> Retry(total=1, connect=None, read=None, redirect=None, status=None)
2025-09-16 23:34:34,086 [DEBUG] [urllib3.util.retry] Converted retries value: 1 -> Retry(total=1, connect=None, read=None, redirect=None, status=None)
2025-09-16 23:34:34,086 [DEBUG] [urllib3.util.retry] Converted retries value: 1 -> Retry(total=1, connect=None, read=None, redirect=None, status=None)
2025-09-16 23:34:34,104 [DEBUG] [urllib3.connectionpool] Starting new HTTPS connection (1): auth.giggle.global:443
2025-09-16 23:34:34,565 [DEBUG] [urllib3.connectionpool] https://auth.giggle.global:443 "POST /realms/giggle/protocol/openid-connect/token HTTP/1.1" 200 2949
2025-09-16 23:34:34,567 [DEBUG] [urllib3.connectionpool] Starting new HTTPS connection (1): auth.giggle.global:443
2025-09-16 23:34:34,664 [DEBUG] [urllib3.connectionpool] https://auth.giggle.global:443 "GET /admin/realms/giggle/users/6bab27f1-ac5f-48b8-9ac4-1bc8b478f86e?userProfileMetadata=False HTTP/1.1" 200 412
2025-09-16 23:34:34,801 [DEBUG] [app.routes.user] Update requested for user_id=59a9cc4f-a155-4a7e-bad3-d69522bfeef5 payload={'profile_pic': b'string', 'language_preference': 'en', 'payment_information': {'account_holder_name': 'John Doe', 'account_number': '1234567890', 'ifsc_code': 'HDFC0001234', 'bank_name': 'HDFC Bank', 'upi_id': 'john@upi', 'gst': '29ABCDE1234F2Z5', 'account_type': 'Savings'}, 'contact_info': {'phone': '+91-9812345678', 'email': 'contact@example.com', 'linkedin': 'https://linkedin.com/in/johndoe', 'timezone': 'UTC+05:30', 'address': '20 Cooper Square, New York, NY', 'available_time': '10:00am - 06:30pm'}, 'company_info': {'company_name': 'KPS Pvt. Limited', 'website': 'https://kpspvt.com', 'industry': 'Tech & IT', 'company_contacts': {'phone': '+91-9812345678', 'email': 'contact@example.com', 'linkedin': 'https://linkedin.com/in/johndoe', 'timezone': 'UTC+05:30', 'address': '20 Cooper Square, New York, NY', 'available_time': '10:00am - 06:30pm'}, 'company_description': 'We build web products'}}
2025-09-16 23:34:34,848 [INFO] [app.services.user] User updated: user_id=59a9cc4f-a155-4a7e-bad3-d69522bfeef5
2025-09-16 23:34:34,849 [INFO] [app.routes.user] User updated: user_id=59a9cc4f-a155-4a7e-bad3-d69522bfeef5
2025-09-16 23:35:30,665 [INFO] [app.main] App started
2025-09-16 23:35:31,812 [INFO] [app.services.user] Root user already exists: email=deepak@keydraft.com
2025-09-16 23:35:38,892 [DEBUG] [urllib3.connectionpool] Starting new HTTPS connection (1): auth.giggle.global:443
2025-09-16 23:35:39,135 [DEBUG] [urllib3.connectionpool] https://auth.giggle.global:443 "GET /realms/giggle HTTP/1.1" 200 600
2025-09-16 23:35:39,138 [DEBUG] [urllib3.util.retry] Converted retries value: 1 -> Retry(total=1, connect=None, read=None, redirect=None, status=None)
2025-09-16 23:35:39,139 [DEBUG] [urllib3.util.retry] Converted retries value: 1 -> Retry(total=1, connect=None, read=None, redirect=None, status=None)
2025-09-16 23:35:39,166 [DEBUG] [urllib3.util.retry] Converted retries value: 1 -> Retry(total=1, connect=None, read=None, redirect=None, status=None)
2025-09-16 23:35:39,166 [DEBUG] [urllib3.util.retry] Converted retries value: 1 -> Retry(total=1, connect=None, read=None, redirect=None, status=None)
2025-09-16 23:35:39,180 [DEBUG] [urllib3.connectionpool] Starting new HTTPS connection (1): auth.giggle.global:443
2025-09-16 23:35:39,329 [DEBUG] [urllib3.connectionpool] https://auth.giggle.global:443 "POST /realms/giggle/protocol/openid-connect/token HTTP/1.1" 200 2949
2025-09-16 23:35:39,331 [DEBUG] [urllib3.connectionpool] Starting new HTTPS connection (1): auth.giggle.global:443
2025-09-16 23:35:39,420 [DEBUG] [urllib3.connectionpool] https://auth.giggle.global:443 "GET /admin/realms/giggle/users/6bab27f1-ac5f-48b8-9ac4-1bc8b478f86e?userProfileMetadata=False HTTP/1.1" 200 412
2025-09-16 23:35:39,568 [DEBUG] [app.routes.user] Update requested for user_id=59a9cc4f-a155-4a7e-bad3-d69522bfeef5 payload={'profile_pic': b'string', 'language_preference': 'en', 'payment_information': {'account_holder_name': 'John Doe', 'account_number': '1234567890', 'ifsc_code': 'HDFC0001234', 'bank_name': 'HDFC Bank', 'upi_id': 'john@upi', 'gst': '29ABCDE1234F2Z5', 'account_type': 'Savings'}, 'contact_info': {'phone': '+91-9812345678', 'email': 'contact@example.com', 'linkedin': 'https://linkedin.com/in/johndoe', 'timezone': 'UTC+05:30', 'address': '20 Cooper Square, New York, NY', 'available_time': '10:00am - 06:30pm'}, 'company_info': {'company_name': 'KPS Pvt. Limited', 'website': 'https://kpspvt.com', 'industry': 'Tech & IT', 'company_contacts': {'phone': '+91-9812345678', 'email': 'contact@example.com', 'linkedin': 'https://linkedin.com/in/johndoe', 'timezone': 'UTC+05:30', 'address': '20 Cooper Square, New York, NY', 'available_time': '10:00am - 06:30pm'}, 'company_description': 'We build web products'}}
2025-09-16 23:35:39,621 [INFO] [app.services.user] User updated: user_id=59a9cc4f-a155-4a7e-bad3-d69522bfeef5
2025-09-16 23:35:39,622 [INFO] [app.routes.user] User updated: user_id=59a9cc4f-a155-4a7e-bad3-d69522bfeef5
2025-09-16 23:36:14,477 [DEBUG] [app.routes.auth] Login attempt for email: johndoe2@example.com
2025-09-16 23:36:14,477 [DEBUG] [app.services.user] Keycloak auth attempt for username=johndoe2@example.com
2025-09-16 23:36:14,479 [DEBUG] [urllib3.connectionpool] Starting new HTTPS connection (1): auth.giggle.global:443
2025-09-16 23:36:15,272 [DEBUG] [urllib3.connectionpool] https://auth.giggle.global:443 "POST /realms/giggle/protocol/openid-connect/token HTTP/1.1" 200 1907
2025-09-16 23:36:15,275 [DEBUG] [urllib3.connectionpool] Starting new HTTPS connection (1): auth.giggle.global:443
2025-09-16 23:36:15,471 [DEBUG] [urllib3.connectionpool] https://auth.giggle.global:443 "POST /realms/giggle/protocol/openid-connect/token HTTP/1.1" 200 2227
2025-09-16 23:36:15,472 [INFO] [app.services.user] Login success for username=johndoe2@example.com
2025-09-16 23:36:15,473 [INFO] [app.routes.auth] Login successful for email: johndoe2@example.com
2025-09-16 23:36:15,500 [DEBUG] [urllib3.connectionpool] https://auth.giggle.global:443 "GET /realms/giggle HTTP/1.1" 200 600
2025-09-16 23:36:15,502 [DEBUG] [urllib3.util.retry] Converted retries value: 1 -> Retry(total=1, connect=None, read=None, redirect=None, status=None)
2025-09-16 23:36:15,502 [DEBUG] [urllib3.util.retry] Converted retries value: 1 -> Retry(total=1, connect=None, read=None, redirect=None, status=None)
2025-09-16 23:36:15,521 [DEBUG] [urllib3.util.retry] Converted retries value: 1 -> Retry(total=1, connect=None, read=None, redirect=None, status=None)
2025-09-16 23:36:15,521 [DEBUG] [urllib3.util.retry] Converted retries value: 1 -> Retry(total=1, connect=None, read=None, redirect=None, status=None)
2025-09-16 23:36:15,537 [DEBUG] [urllib3.connectionpool] Starting new HTTPS connection (1): auth.giggle.global:443
2025-09-16 23:36:15,638 [DEBUG] [urllib3.connectionpool] https://auth.giggle.global:443 "POST /realms/giggle/protocol/openid-connect/token HTTP/1.1" 200 2949
2025-09-16 23:36:15,640 [DEBUG] [urllib3.connectionpool] Starting new HTTPS connection (1): auth.giggle.global:443
2025-09-16 23:36:15,730 [DEBUG] [urllib3.connectionpool] https://auth.giggle.global:443 "GET /admin/realms/giggle/users/d9605641-3634-4a6b-a2d5-75f04699d9bc?userProfileMetadata=False HTTP/1.1" 200 412
2025-09-16 23:36:15,767 [DEBUG] [app.routes.auth] User details fetched: {'username': 'john_doe', 'email': 'johndoe2@example.com', 'phone_number': '+919876543212', 'role': 'FL', 'first_name': 'John', 'last_name': 'Doe', 'status': 'ACTIVE', 'keycloak_id': 'd9605641-3634-4a6b-a2d5-75f04699d9bc', 'user_id': 'a7969b5f-76da-46fa-bc07-f7c1900681be', 'signup_token': 'bo_VcUYQHdXCOXLDEVGCNQ'}
2025-09-16 23:36:37,222 [DEBUG] [urllib3.connectionpool] https://auth.giggle.global:443 "GET /realms/giggle HTTP/1.1" 200 600
2025-09-16 23:36:37,223 [DEBUG] [urllib3.util.retry] Converted retries value: 1 -> Retry(total=1, connect=None, read=None, redirect=None, status=None)
2025-09-16 23:36:37,223 [DEBUG] [urllib3.util.retry] Converted retries value: 1 -> Retry(total=1, connect=None, read=None, redirect=None, status=None)
2025-09-16 23:36:37,240 [DEBUG] [urllib3.util.retry] Converted retries value: 1 -> Retry(total=1, connect=None, read=None, redirect=None, status=None)
2025-09-16 23:36:37,241 [DEBUG] [urllib3.util.retry] Converted retries value: 1 -> Retry(total=1, connect=None, read=None, redirect=None, status=None)
2025-09-16 23:36:37,257 [DEBUG] [urllib3.connectionpool] Starting new HTTPS connection (1): auth.giggle.global:443
2025-09-16 23:36:38,056 [DEBUG] [urllib3.connectionpool] https://auth.giggle.global:443 "POST /realms/giggle/protocol/openid-connect/token HTTP/1.1" 200 2949
2025-09-16 23:36:38,058 [DEBUG] [urllib3.connectionpool] Starting new HTTPS connection (1): auth.giggle.global:443
2025-09-16 23:36:38,153 [DEBUG] [urllib3.connectionpool] https://auth.giggle.global:443 "GET /admin/realms/giggle/users/d9605641-3634-4a6b-a2d5-75f04699d9bc?userProfileMetadata=False HTTP/1.1" 200 412
2025-09-16 23:36:38,280 [DEBUG] [app.routes.user] Fetching current user: user_id=a7969b5f-76da-46fa-bc07-f7c1900681be
2025-09-16 23:36:38,308 [INFO] [app.routes.user] Fetched current user: user_id=a7969b5f-76da-46fa-bc07-f7c1900681be
2025-09-16 23:36:48,494 [DEBUG] [urllib3.connectionpool] https://auth.giggle.global:443 "GET /realms/giggle HTTP/1.1" 200 600
2025-09-16 23:36:48,495 [DEBUG] [urllib3.util.retry] Converted retries value: 1 -> Retry(total=1, connect=None, read=None, redirect=None, status=None)
2025-09-16 23:36:48,495 [DEBUG] [urllib3.util.retry] Converted retries value: 1 -> Retry(total=1, connect=None, read=None, redirect=None, status=None)
2025-09-16 23:36:48,512 [DEBUG] [urllib3.util.retry] Converted retries value: 1 -> Retry(total=1, connect=None, read=None, redirect=None, status=None)
2025-09-16 23:36:48,513 [DEBUG] [urllib3.util.retry] Converted retries value: 1 -> Retry(total=1, connect=None, read=None, redirect=None, status=None)
2025-09-16 23:36:48,539 [DEBUG] [urllib3.connectionpool] Starting new HTTPS connection (1): auth.giggle.global:443
2025-09-16 23:36:48,626 [DEBUG] [urllib3.connectionpool] https://auth.giggle.global:443 "POST /realms/giggle/protocol/openid-connect/token HTTP/1.1" 200 2949
2025-09-16 23:36:48,628 [DEBUG] [urllib3.connectionpool] Starting new HTTPS connection (1): auth.giggle.global:443
2025-09-16 23:36:48,727 [DEBUG] [urllib3.connectionpool] https://auth.giggle.global:443 "GET /admin/realms/giggle/users/d9605641-3634-4a6b-a2d5-75f04699d9bc?userProfileMetadata=False HTTP/1.1" 200 412
2025-09-16 23:36:48,857 [DEBUG] [app.routes.user] Update requested for user_id=a7969b5f-76da-46fa-bc07-f7c1900681be payload={'profile_pic': b'string', 'language_preference': 'en', 'payment_information': {'account_holder_name': 'John Doe', 'account_number': '1234567890', 'ifsc_code': 'HDFC0001234', 'bank_name': 'HDFC Bank', 'upi_id': 'john@upi', 'gst': '29ABCDE1234F2Z5', 'account_type': 'Savings'}, 'contact_info': {'phone': '+91-9812345678', 'email': 'contact@example.com', 'linkedin': 'https://linkedin.com/in/johndoe', 'timezone': 'UTC+05:30', 'address': '20 Cooper Square, New York, NY', 'available_time': '10:00am - 06:30pm'}, 'company_info': {'company_name': 'KPS Pvt. Limited', 'website': 'https://kpspvt.com', 'industry': 'Tech & IT', 'company_contacts': {'phone': '+91-9812345678', 'email': 'contact@example.com', 'linkedin': 'https://linkedin.com/in/johndoe', 'timezone': 'UTC+05:30', 'address': '20 Cooper Square, New York, NY', 'available_time': '10:00am - 06:30pm'}, 'company_description': 'We build web products'}}
2025-09-16 23:36:48,905 [INFO] [app.services.user] User updated: user_id=a7969b5f-76da-46fa-bc07-f7c1900681be
2025-09-16 23:36:48,906 [INFO] [app.routes.user] User updated: user_id=a7969b5f-76da-46fa-bc07-f7c1900681be
2025-09-16 23:48:07,428 [INFO] [app.main] App started
2025-09-16 23:48:08,580 [INFO] [app.services.user] Root user already exists: email=deepak@keydraft.com
2025-09-16 23:49:09,998 [DEBUG] [app.routes.auth] Login attempt for email: johndoe1@example.com
2025-09-16 23:49:09,998 [DEBUG] [app.services.user] Keycloak auth attempt for username=johndoe1@example.com
2025-09-16 23:49:10,000 [DEBUG] [urllib3.connectionpool] Starting new HTTPS connection (1): auth.giggle.global:443
2025-09-16 23:49:10,443 [DEBUG] [urllib3.connectionpool] https://auth.giggle.global:443 "POST /realms/giggle/protocol/openid-connect/token HTTP/1.1" 200 1907
2025-09-16 23:49:10,446 [DEBUG] [urllib3.connectionpool] Starting new HTTPS connection (1): auth.giggle.global:443
2025-09-16 23:49:10,644 [DEBUG] [urllib3.connectionpool] https://auth.giggle.global:443 "POST /realms/giggle/protocol/openid-connect/token HTTP/1.1" 200 2227
2025-09-16 23:49:10,645 [INFO] [app.services.user] Login success for username=johndoe1@example.com
2025-09-16 23:49:10,645 [INFO] [app.routes.auth] Login successful for email: johndoe1@example.com
2025-09-16 23:49:10,647 [DEBUG] [urllib3.connectionpool] Starting new HTTPS connection (1): auth.giggle.global:443
2025-09-16 23:49:10,749 [DEBUG] [urllib3.connectionpool] https://auth.giggle.global:443 "GET /realms/giggle HTTP/1.1" 200 600
2025-09-16 23:49:10,752 [DEBUG] [urllib3.util.retry] Converted retries value: 1 -> Retry(total=1, connect=None, read=None, redirect=None, status=None)
2025-09-16 23:49:10,752 [DEBUG] [urllib3.util.retry] Converted retries value: 1 -> Retry(total=1, connect=None, read=None, redirect=None, status=None)
2025-09-16 23:49:10,777 [DEBUG] [urllib3.util.retry] Converted retries value: 1 -> Retry(total=1, connect=None, read=None, redirect=None, status=None)
2025-09-16 23:49:10,778 [DEBUG] [urllib3.util.retry] Converted retries value: 1 -> Retry(total=1, connect=None, read=None, redirect=None, status=None)
2025-09-16 23:49:10,789 [DEBUG] [urllib3.connectionpool] Starting new HTTPS connection (1): auth.giggle.global:443
2025-09-16 23:49:10,881 [DEBUG] [urllib3.connectionpool] https://auth.giggle.global:443 "POST /realms/giggle/protocol/openid-connect/token HTTP/1.1" 200 2949
2025-09-16 23:49:10,883 [DEBUG] [urllib3.connectionpool] Starting new HTTPS connection (1): auth.giggle.global:443
2025-09-16 23:49:10,991 [DEBUG] [urllib3.connectionpool] https://auth.giggle.global:443 "GET /admin/realms/giggle/users/6bab27f1-ac5f-48b8-9ac4-1bc8b478f86e?userProfileMetadata=False HTTP/1.1" 200 412
2025-09-16 23:49:11,030 [DEBUG] [app.routes.auth] User details fetched: {'username': 'john_doe', 'email': 'johndoe1@example.com', 'phone_number': '+919876543211', 'role': 'CL', 'first_name': 'John', 'last_name': 'Doe', 'status': 'ACTIVE', 'keycloak_id': '6bab27f1-ac5f-48b8-9ac4-1bc8b478f86e', 'user_id': '59a9cc4f-a155-4a7e-bad3-d69522bfeef5', 'signup_token': None, 'language_preference': 'en', 'payment_information': {'account_holder_name': 'John Doe', 'account_number': '1234567890', 'ifsc_code': 'HDFC0001234', 'bank_name': 'HDFC Bank', 'upi_id': 'john@upi', 'gst': '29ABCDE1234F2Z5', 'account_type': 'Savings'}, 'company_info': {'company_name': 'KPS Pvt. Limited', 'website': 'https://kpspvt.com', 'industry': 'Tech & IT', 'company_contacts': {'phone': '+91-9812345678', 'email': 'contact@example.com', 'linkedin': 'https://linkedin.com/in/johndoe', 'timezone': 'UTC+05:30', 'address': '20 Cooper Square, New York, NY', 'available_time': '10:00am - 06:30pm'}, 'company_description': 'We build web products'}, 'contact_info': {'phone': '+91-9812345678', 'email': 'contact@example.com', 'linkedin': 'https://linkedin.com/in/johndoe', 'timezone': 'UTC+05:30', 'address': '20 Cooper Square, New York, NY', 'available_time': '10:00am - 06:30pm'}}
2025-09-16 23:49:31,125 [DEBUG] [urllib3.connectionpool] https://auth.giggle.global:443 "GET /realms/giggle HTTP/1.1" 200 600
2025-09-16 23:49:31,125 [DEBUG] [urllib3.util.retry] Converted retries value: 1 -> Retry(total=1, connect=None, read=None, redirect=None, status=None)
2025-09-16 23:49:31,126 [DEBUG] [urllib3.util.retry] Converted retries value: 1 -> Retry(total=1, connect=None, read=None, redirect=None, status=None)
2025-09-16 23:49:31,136 [DEBUG] [urllib3.util.retry] Converted retries value: 1 -> Retry(total=1, connect=None, read=None, redirect=None, status=None)
2025-09-16 23:49:31,136 [DEBUG] [urllib3.util.retry] Converted retries value: 1 -> Retry(total=1, connect=None, read=None, redirect=None, status=None)
2025-09-16 23:49:31,150 [DEBUG] [urllib3.connectionpool] Starting new HTTPS connection (1): auth.giggle.global:443
2025-09-16 23:49:31,249 [DEBUG] [urllib3.connectionpool] https://auth.giggle.global:443 "POST /realms/giggle/protocol/openid-connect/token HTTP/1.1" 200 2949
2025-09-16 23:49:31,251 [DEBUG] [urllib3.connectionpool] Starting new HTTPS connection (1): auth.giggle.global:443
2025-09-16 23:49:31,385 [DEBUG] [urllib3.connectionpool] https://auth.giggle.global:443 "GET /admin/realms/giggle/users/6bab27f1-ac5f-48b8-9ac4-1bc8b478f86e?userProfileMetadata=False HTTP/1.1" 200 412
2025-09-16 23:49:31,510 [DEBUG] [app.routes.user] Fetching current user: user_id=59a9cc4f-a155-4a7e-bad3-d69522bfeef5
2025-09-16 23:49:31,537 [INFO] [app.routes.user] Fetched current user: user_id=59a9cc4f-a155-4a7e-bad3-d69522bfeef5
2025-09-16 23:50:05,918 [DEBUG] [urllib3.connectionpool] https://auth.giggle.global:443 "GET /realms/giggle HTTP/1.1" 200 600
2025-09-16 23:50:05,918 [DEBUG] [urllib3.util.retry] Converted retries value: 1 -> Retry(total=1, connect=None, read=None, redirect=None, status=None)
2025-09-16 23:50:05,918 [DEBUG] [urllib3.util.retry] Converted retries value: 1 -> Retry(total=1, connect=None, read=None, redirect=None, status=None)
2025-09-16 23:50:05,930 [DEBUG] [urllib3.util.retry] Converted retries value: 1 -> Retry(total=1, connect=None, read=None, redirect=None, status=None)
2025-09-16 23:50:05,930 [DEBUG] [urllib3.util.retry] Converted retries value: 1 -> Retry(total=1, connect=None, read=None, redirect=None, status=None)
2025-09-16 23:50:05,944 [DEBUG] [urllib3.connectionpool] Starting new HTTPS connection (1): auth.giggle.global:443
2025-09-16 23:50:06,098 [DEBUG] [urllib3.connectionpool] https://auth.giggle.global:443 "POST /realms/giggle/protocol/openid-connect/token HTTP/1.1" 200 2949
2025-09-16 23:50:06,099 [DEBUG] [urllib3.connectionpool] Starting new HTTPS connection (1): auth.giggle.global:443
2025-09-16 23:50:06,236 [DEBUG] [urllib3.connectionpool] https://auth.giggle.global:443 "GET /admin/realms/giggle/users/6bab27f1-ac5f-48b8-9ac4-1bc8b478f86e?userProfileMetadata=False HTTP/1.1" 200 412
2025-09-16 23:50:47,233 [DEBUG] [urllib3.connectionpool] https://auth.giggle.global:443 "GET /realms/giggle HTTP/1.1" 200 600
2025-09-16 23:50:47,234 [DEBUG] [urllib3.util.retry] Converted retries value: 1 -> Retry(total=1, connect=None, read=None, redirect=None, status=None)
2025-09-16 23:50:47,234 [DEBUG] [urllib3.util.retry] Converted retries value: 1 -> Retry(total=1, connect=None, read=None, redirect=None, status=None)
2025-09-16 23:50:47,245 [DEBUG] [urllib3.util.retry] Converted retries value: 1 -> Retry(total=1, connect=None, read=None, redirect=None, status=None)
2025-09-16 23:50:47,245 [DEBUG] [urllib3.util.retry] Converted retries value: 1 -> Retry(total=1, connect=None, read=None, redirect=None, status=None)
2025-09-16 23:50:47,256 [DEBUG] [urllib3.connectionpool] Starting new HTTPS connection (1): auth.giggle.global:443
2025-09-16 23:50:47,718 [DEBUG] [urllib3.connectionpool] https://auth.giggle.global:443 "POST /realms/giggle/protocol/openid-connect/token HTTP/1.1" 200 2949
2025-09-16 23:50:47,720 [DEBUG] [urllib3.connectionpool] Starting new HTTPS connection (1): auth.giggle.global:443
2025-09-16 23:50:47,816 [DEBUG] [urllib3.connectionpool] https://auth.giggle.global:443 "GET /admin/realms/giggle/users/6bab27f1-ac5f-48b8-9ac4-1bc8b478f86e?userProfileMetadata=False HTTP/1.1" 200 412
2025-09-16 23:50:47,946 [DEBUG] [app.routes.user] Update requested for user_id=59a9cc4f-a155-4a7e-bad3-d69522bfeef5 payload={'profile_pic': b'string', 'notification_service': {'email': False, 'sms': False, 'in_app': False}, 'language_preference': 'en', 'payment_information': {'account_holder_name': 'John Doe', 'account_number': '1234567890', 'ifsc_code': 'HDFC0001234', 'bank_name': 'HDFC Bank', 'upi_id': 'john@upi', 'gst': '29ABCDE1234F2Z5', 'account_type': 'Savings'}, 'contact_info': {'linkedin': 'https://linkedin.com/in/johndoe', 'timezone': 'UTC+05:30', 'available_time': '10:00am - 06:30pm'}, 'company_info': {'company_name': 'KPS Pvt. Limited', 'website': 'https://kpspvt.com', 'industry': 'Tech & IT', 'company_size': '11-50 employees', 'company_contacts': {'contact_person': 'Jane Doe', 'contact_email': 'jane@example.com', 'contact_phone': '+919876543211', 'contact_address': '123, Business St, City, Country', 'contact_designation': 'HR Manager', 'contact_timezone': 'UTC+05:30 chennai'}, 'company_description': 'We build web products'}}
2025-09-16 23:50:47,999 [INFO] [app.services.user] User updated: user_id=59a9cc4f-a155-4a7e-bad3-d69522bfeef5
2025-09-16 23:50:48,000 [INFO] [app.routes.user] User updated: user_id=59a9cc4f-a155-4a7e-bad3-d69522bfeef5
2025-09-17 00:02:17,410 [DEBUG] [urllib3.connectionpool] Resetting dropped connection: auth.giggle.global
2025-09-17 00:02:18,289 [DEBUG] [urllib3.connectionpool] https://auth.giggle.global:443 "GET /realms/giggle HTTP/1.1" 200 600
2025-09-17 00:02:18,290 [DEBUG] [urllib3.util.retry] Converted retries value: 1 -> Retry(total=1, connect=None, read=None, redirect=None, status=None)
2025-09-17 00:02:18,290 [DEBUG] [urllib3.util.retry] Converted retries value: 1 -> Retry(total=1, connect=None, read=None, redirect=None, status=None)
2025-09-17 00:02:18,313 [DEBUG] [urllib3.util.retry] Converted retries value: 1 -> Retry(total=1, connect=None, read=None, redirect=None, status=None)
2025-09-17 00:02:18,314 [DEBUG] [urllib3.util.retry] Converted retries value: 1 -> Retry(total=1, connect=None, read=None, redirect=None, status=None)
2025-09-17 00:02:18,332 [DEBUG] [urllib3.connectionpool] Starting new HTTPS connection (1): auth.giggle.global:443
2025-09-17 00:02:18,424 [DEBUG] [urllib3.connectionpool] https://auth.giggle.global:443 "POST /realms/giggle/protocol/openid-connect/token HTTP/1.1" 200 2949
2025-09-17 00:02:18,425 [DEBUG] [urllib3.connectionpool] Starting new HTTPS connection (1): auth.giggle.global:443
2025-09-17 00:02:18,530 [DEBUG] [urllib3.connectionpool] https://auth.giggle.global:443 "GET /admin/realms/giggle/users/6bab27f1-ac5f-48b8-9ac4-1bc8b478f86e?userProfileMetadata=False HTTP/1.1" 200 412
